L,A,B
60,-85.1875,-106.859375
60,-80.1875,-106.859375
60,-75.1875,-106.859375
60,-70.1875,-106.859375
60,-65.1875,-106.859375
60,-60.1875,-106.859375
60,-55.1875,-106.859375
60,-50.1875,-106.859375
60,-45.1875,-106.859375
60,-40.1875,-106.859375
60,-35.1875,-106.859375
60,-30.1875,-106.859375
60,-25.1875,-106.859375
60,-20.1875,-106.859375
60,-15.1875,-106.859375
60,-10.1875,-106.859375
60,-5.1875,-106.859375
60,-0.1875,-106.859375
60,4.8125,-106.859375
60,9.8125,-106.859375
60,14.8125,-106.859375
60,19.8125,-106.859375
60,24.8125,-106.859375
60,29.8125,-106.859375
60,34.8125,-106.859375
60,39.8125,-106.859375
60,44.8125,-106.859375
60,49.8125,-106.859375
60,54.8125,-106.859375
60,59.8125,-106.859375
60,64.8125,-106.859375
60,69.8125,-106.859375
60,74.8125,-106.859375
60,79.8125,-106.859375
60,-85.1875,-101.859375
60,-80.1875,-101.859375
60,-75.1875,-101.859375
60,-70.1875,-101.859375
60,-65.1875,-101.859375
60,-60.1875,-101.859375
60,-55.1875,-101.859375
60,-50.1875,-101.859375
60,-45.1875,-101.859375
60,-40.1875,-101.859375
60,-35.1875,-101.859375
60,-30.1875,-101.859375
60,-25.1875,-101.859375
60,-20.1875,-101.859375
60,-15.1875,-101.859375
60,-10.1875,-101.859375
60,-5.1875,-101.859375
60,-0.1875,-101.859375
60,4.8125,-101.859375
60,9.8125,-101.859375
60,14.8125,-101.859375
60,19.8125,-101.859375
60,24.8125,-101.859375
60,29.8125,-101.859375
60,34.8125,-101.859375
60,39.8125,-101.859375
60,44.8125,-101.859375
60,49.8125,-101.859375
60,54.8125,-101.859375
60,59.8125,-101.859375
60,64.8125,-101.859375
60,69.8125,-101.859375
60,74.8125,-101.859375
60,79.8125,-101.859375
60,-85.1875,-96.859375
60,-80.1875,-96.859375
60,-75.1875,-96.859375
60,-70.1875,-96.859375
60,-65.1875,-96.859375
60,-60.1875,-96.859375
60,-55.1875,-96.859375
60,-50.1875,-96.859375
60,-45.1875,-96.859375
60,-40.1875,-96.859375
60,-35.1875,-96.859375
60,-30.1875,-96.859375
60,-25.1875,-96.859375
60,-20.1875,-96.859375
60,-15.1875,-96.859375
60,-10.1875,-96.859375
60,-5.1875,-96.859375
60,-0.1875,-96.859375
60,4.8125,-96.859375
60,9.8125,-96.859375
60,14.8125,-96.859375
60,19.8125,-96.859375
60,24.8125,-96.859375
60,29.8125,-96.859375
60,34.8125,-96.859375
60,39.8125,-96.859375
60,44.8125,-96.859375
60,49.8125,-96.859375
60,54.8125,-96.859375
60,59.8125,-96.859375
60,64.8125,-96.859375
60,69.8125,-96.859375
60,74.8125,-96.859375
60,79.8125,-96.859375
60,-85.1875,-91.859375
60,-80.1875,-91.859375
60,-75.1875,-91.859375
60,-70.1875,-91.859375
60,-65.1875,-91.859375
60,-60.1875,-91.859375
60,-55.1875,-91.859375
60,-50.1875,-91.859375
60,-45.1875,-91.859375
60,-40.1875,-91.859375
60,-35.1875,-91.859375
60,-30.1875,-91.859375
60,-25.1875,-91.859375
60,-20.1875,-91.859375
60,-15.1875,-91.859375
60,-10.1875,-91.859375
60,-5.1875,-91.859375
60,-0.1875,-91.859375
60,4.8125,-91.859375
60,9.8125,-91.859375
60,14.8125,-91.859375
60,19.8125,-91.859375
60,24.8125,-91.859375
60,29.8125,-91.859375
60,34.8125,-91.859375
60,39.8125,-91.859375
60,44.8125,-91.859375
60,49.8125,-91.859375
60,54.8125,-91.859375
60,59.8125,-91.859375
60,64.8125,-91.859375
60,69.8125,-91.859375
60,74.8125,-91.859375
60,79.8125,-91.859375
60,-85.1875,-86.859375
60,-80.1875,-86.859375
60,-75.1875,-86.859375
60,-70.1875,-86.859375
60,-65.1875,-86.859375
60,-60.1875,-86.859375
60,-55.1875,-86.859375
60,-50.1875,-86.859375
60,-45.1875,-86.859375
60,-40.1875,-86.859375
60,-35.1875,-86.859375
60,-30.1875,-86.859375
60,-25.1875,-86.859375
60,-20.1875,-86.859375
60,-15.1875,-86.859375
60,-10.1875,-86.859375
60,-5.1875,-86.859375
60,-0.1875,-86.859375
60,4.8125,-86.859375
60,9.8125,-86.859375
60,14.8125,-86.859375
60,19.8125,-86.859375
60,24.8125,-86.859375
60,29.8125,-86.859375
60,34.8125,-86.859375
60,39.8125,-86.859375
60,44.8125,-86.859375
60,49.8125,-86.859375
60,54.8125,-86.859375
60,59.8125,-86.859375
60,64.8125,-86.859375
60,69.8125,-86.859375
60,74.8125,-86.859375
60,79.8125,-86.859375
60,-85.1875,-81.859375
60,-80.1875,-81.859375
60,-75.1875,-81.859375
60,-70.1875,-81.859375
60,-65.1875,-81.859375
60,-60.1875,-81.859375
60,-55.1875,-81.859375
60,-50.1875,-81.859375
60,-45.1875,-81.859375
60,-40.1875,-81.859375
60,-35.1875,-81.859375
60,-30.1875,-81.859375
60,-25.1875,-81.859375
60,-20.1875,-81.859375
60,-15.1875,-81.859375
60,-10.1875,-81.859375
60,-5.1875,-81.859375
60,-0.1875,-81.859375
60,4.8125,-81.859375
60,9.8125,-81.859375
60,14.8125,-81.859375
60,19.8125,-81.859375
60,24.8125,-81.859375
60,29.8125,-81.859375
60,34.8125,-81.859375
60,39.8125,-81.859375
60,44.8125,-81.859375
60,49.8125,-81.859375
60,54.8125,-81.859375
60,59.8125,-81.859375
60,64.8125,-81.859375
60,69.8125,-81.859375
60,74.8125,-81.859375
60,79.8125,-81.859375
60,-85.1875,-76.859375
60,-80.1875,-76.859375
60,-75.1875,-76.859375
60,-70.1875,-76.859375
60,-65.1875,-76.859375
60,-60.1875,-76.859375
60,-55.1875,-76.859375
60,-50.1875,-76.859375
60,-45.1875,-76.859375
60,-40.1875,-76.859375
60,-35.1875,-76.859375
60,-30.1875,-76.859375
60,-25.1875,-76.859375
60,-20.1875,-76.859375
60,-15.1875,-76.859375
60,-10.1875,-76.859375
60,-5.1875,-76.859375
60,-0.1875,-76.859375
60,4.8125,-76.859375
60,9.8125,-76.859375
60,14.8125,-76.859375
60,19.8125,-76.859375
60,24.8125,-76.859375
60,29.8125,-76.859375
60,34.8125,-76.859375
60,39.8125,-76.859375
60,44.8125,-76.859375
60,49.8125,-76.859375
60,54.8125,-76.859375
60,59.8125,-76.859375
60,64.8125,-76.859375
60,69.8125,-76.859375
60,74.8125,-76.859375
60,79.8125,-76.859375
60,-85.1875,-71.859375
60,-80.1875,-71.859375
60,-75.1875,-71.859375
60,-70.1875,-71.859375
60,-65.1875,-71.859375
60,-60.1875,-71.859375
60,-55.1875,-71.859375
60,-50.1875,-71.859375
60,-45.1875,-71.859375
60,-40.1875,-71.859375
60,-35.1875,-71.859375
60,-30.1875,-71.859375
60,-25.1875,-71.859375
60,-20.1875,-71.859375
60,-15.1875,-71.859375
60,-10.1875,-71.859375
60,-5.1875,-71.859375
60,-0.1875,-71.859375
60,4.8125,-71.859375
60,9.8125,-71.859375
60,14.8125,-71.859375
60,19.8125,-71.859375
60,24.8125,-71.859375
60,29.8125,-71.859375
60,34.8125,-71.859375
60,39.8125,-71.859375
60,44.8125,-71.859375
60,49.8125,-71.859375
60,54.8125,-71.859375
60,59.8125,-71.859375
60,64.8125,-71.859375
60,69.8125,-71.859375
60,74.8125,-71.859375
60,79.8125,-71.859375
60,-85.1875,-66.859375
60,-80.1875,-66.859375
60,-75.1875,-66.859375
60,-70.1875,-66.859375
60,-65.1875,-66.859375
60,-60.1875,-66.859375
60,-55.1875,-66.859375
60,-50.1875,-66.859375
60,-45.1875,-66.859375
60,-40.1875,-66.859375
60,-35.1875,-66.859375
60,-30.1875,-66.859375
60,-25.1875,-66.859375
60,-20.1875,-66.859375
60,-15.1875,-66.859375
60,-10.1875,-66.859375
60,-5.1875,-66.859375
60,-0.1875,-66.859375
60,4.8125,-66.859375
60,9.8125,-66.859375
60,14.8125,-66.859375
60,19.8125,-66.859375
60,24.8125,-66.859375
60,29.8125,-66.859375
60,34.8125,-66.859375
60,39.8125,-66.859375
60,44.8125,-66.859375
60,49.8125,-66.859375
60,54.8125,-66.859375
60,59.8125,-66.859375
60,64.8125,-66.859375
60,69.8125,-66.859375
60,74.8125,-66.859375
60,79.8125,-66.859375
60,-85.1875,-61.859375
60,-80.1875,-61.859375
60,-75.1875,-61.859375
60,-70.1875,-61.859375
60,-65.1875,-61.859375
60,-60.1875,-61.859375
60,-55.1875,-61.859375
60,-50.1875,-61.859375
60,-45.1875,-61.859375
60,-40.1875,-61.859375
60,-35.1875,-61.859375
60,-30.1875,-61.859375
60,-25.1875,-61.859375
60,-20.1875,-61.859375
60,-15.1875,-61.859375
60,-10.1875,-61.859375
60,-5.1875,-61.859375
60,-0.1875,-61.859375
60,4.8125,-61.859375
60,9.8125,-61.859375
60,14.8125,-61.859375
60,19.8125,-61.859375
60,24.8125,-61.859375
60,29.8125,-61.859375
60,34.8125,-61.859375
60,39.8125,-61.859375
60,44.8125,-61.859375
60,49.8125,-61.859375
60,54.8125,-61.859375
60,59.8125,-61.859375
60,64.8125,-61.859375
60,69.8125,-61.859375
60,74.8125,-61.859375
60,79.8125,-61.859375
60,-85.1875,-56.859375
60,-80.1875,-56.859375
60,-75.1875,-56.859375
60,-70.1875,-56.859375
60,-65.1875,-56.859375
60,-60.1875,-56.859375
60,-55.1875,-56.859375
60,-50.1875,-56.859375
60,-45.1875,-56.859375
60,-40.1875,-56.859375
60,-35.1875,-56.859375
60,-30.1875,-56.859375
60,-25.1875,-56.859375
60,-20.1875,-56.859375
60,-15.1875,-56.859375
60,-10.1875,-56.859375
60,-5.1875,-56.859375
60,-0.1875,-56.859375
60,4.8125,-56.859375
60,9.8125,-56.859375
60,14.8125,-56.859375
60,19.8125,-56.859375
60,24.8125,-56.859375
60,29.8125,-56.859375
60,34.8125,-56.859375
60,39.8125,-56.859375
60,44.8125,-56.859375
60,49.8125,-56.859375
60,54.8125,-56.859375
60,59.8125,-56.859375
60,64.8125,-56.859375
60,69.8125,-56.859375
60,74.8125,-56.859375
60,79.8125,-56.859375
60,-85.1875,-51.859375
60,-80.1875,-51.859375
60,-75.1875,-51.859375
60,-70.1875,-51.859375
60,-65.1875,-51.859375
60,-60.1875,-51.859375
60,-55.1875,-51.859375
60,-50.1875,-51.859375
60,-45.1875,-51.859375
60,-40.1875,-51.859375
60,-35.1875,-51.859375
60,-30.1875,-51.859375
60,-25.1875,-51.859375
60,-20.1875,-51.859375
60,-15.1875,-51.859375
60,-10.1875,-51.859375
60,-5.1875,-51.859375
60,-0.1875,-51.859375
60,4.8125,-51.859375
60,9.8125,-51.859375
60,14.8125,-51.859375
60,19.8125,-51.859375
60,24.8125,-51.859375
60,29.8125,-51.859375
60,34.8125,-51.859375
60,39.8125,-51.859375
60,44.8125,-51.859375
60,49.8125,-51.859375
60,54.8125,-51.859375
60,59.8125,-51.859375
60,64.8125,-51.859375
60,69.8125,-51.859375
60,74.8125,-51.859375
60,79.8125,-51.859375
60,-85.1875,-46.859375
60,-80.1875,-46.859375
60,-75.1875,-46.859375
60,-70.1875,-46.859375
60,-65.1875,-46.859375
60,-60.1875,-46.859375
60,-55.1875,-46.859375
60,-50.1875,-46.859375
60,-45.1875,-46.859375
60,-40.1875,-46.859375
60,-35.1875,-46.859375
60,-30.1875,-46.859375
60,-25.1875,-46.859375
60,-20.1875,-46.859375
60,-15.1875,-46.859375
60,-10.1875,-46.859375
60,-5.1875,-46.859375
60,-0.1875,-46.859375
60,4.8125,-46.859375
60,9.8125,-46.859375
60,14.8125,-46.859375
60,19.8125,-46.859375
60,24.8125,-46.859375
60,29.8125,-46.859375
60,34.8125,-46.859375
60,39.8125,-46.859375
60,44.8125,-46.859375
60,49.8125,-46.859375
60,54.8125,-46.859375
60,59.8125,-46.859375
60,64.8125,-46.859375
60,69.8125,-46.859375
60,74.8125,-46.859375
60,79.8125,-46.859375
60,-85.1875,-41.859375
60,-80.1875,-41.859375
60,-75.1875,-41.859375
60,-70.1875,-41.859375
60,-65.1875,-41.859375
60,-60.1875,-41.859375
60,-55.1875,-41.859375
60,-50.1875,-41.859375
60,-45.1875,-41.859375
60,-40.1875,-41.859375
60,-35.1875,-41.859375
60,-30.1875,-41.859375
60,-25.1875,-41.859375
60,-20.1875,-41.859375
60,-15.1875,-41.859375
60,-10.1875,-41.859375
60,-5.1875,-41.859375
60,-0.1875,-41.859375
60,4.8125,-41.859375
60,9.8125,-41.859375
60,14.8125,-41.859375
60,19.8125,-41.859375
60,24.8125,-41.859375
60,29.8125,-41.859375
60,34.8125,-41.859375
60,39.8125,-41.859375
60,44.8125,-41.859375
60,49.8125,-41.859375
60,54.8125,-41.859375
60,59.8125,-41.859375
60,64.8125,-41.859375
60,69.8125,-41.859375
60,74.8125,-41.859375
60,79.8125,-41.859375
60,-85.1875,-36.859375
60,-80.1875,-36.859375
60,-75.1875,-36.859375
60,-70.1875,-36.859375
60,-65.1875,-36.859375
60,-60.1875,-36.859375
60,-55.1875,-36.859375
60,-50.1875,-36.859375
60,-45.1875,-36.859375
60,-40.1875,-36.859375
60,-35.1875,-36.859375
60,-30.1875,-36.859375
60,-25.1875,-36.859375
60,-20.1875,-36.859375
60,-15.1875,-36.859375
60,-10.1875,-36.859375
60,-5.1875,-36.859375
60,-0.1875,-36.859375
60,4.8125,-36.859375
60,9.8125,-36.859375
60,14.8125,-36.859375
60,19.8125,-36.859375
60,24.8125,-36.859375
60,29.8125,-36.859375
60,34.8125,-36.859375
60,39.8125,-36.859375
60,44.8125,-36.859375
60,49.8125,-36.859375
60,54.8125,-36.859375
60,59.8125,-36.859375
60,64.8125,-36.859375
60,69.8125,-36.859375
60,74.8125,-36.859375
60,79.8125,-36.859375
60,-85.1875,-31.859375
60,-80.1875,-31.859375
60,-75.1875,-31.859375
60,-70.1875,-31.859375
60,-65.1875,-31.859375
60,-60.1875,-31.859375
60,-55.1875,-31.859375
60,-50.1875,-31.859375
60,-45.1875,-31.859375
60,-40.1875,-31.859375
60,-35.1875,-31.859375
60,-30.1875,-31.859375
60,-25.1875,-31.859375
60,-20.1875,-31.859375
60,-15.1875,-31.859375
60,-10.1875,-31.859375
60,-5.1875,-31.859375
60,-0.1875,-31.859375
60,4.8125,-31.859375
60,9.8125,-31.859375
60,14.8125,-31.859375
60,19.8125,-31.859375
60,24.8125,-31.859375
60,29.8125,-31.859375
60,34.8125,-31.859375
60,39.8125,-31.859375
60,44.8125,-31.859375
60,49.8125,-31.859375
60,54.8125,-31.859375
60,59.8125,-31.859375
60,64.8125,-31.859375
60,69.8125,-31.859375
60,74.8125,-31.859375
60,79.8125,-31.859375
60,-85.1875,-26.859375
60,-80.1875,-26.859375
60,-75.1875,-26.859375
60,-70.1875,-26.859375
60,-65.1875,-26.859375
60,-60.1875,-26.859375
60,-55.1875,-26.859375
60,-50.1875,-26.859375
60,-45.1875,-26.859375
60,-40.1875,-26.859375
60,-35.1875,-26.859375
60,-30.1875,-26.859375
60,-25.1875,-26.859375
60,-20.1875,-26.859375
60,-15.1875,-26.859375
60,-10.1875,-26.859375
60,-5.1875,-26.859375
60,-0.1875,-26.859375
60,4.8125,-26.859375
60,9.8125,-26.859375
60,14.8125,-26.859375
60,19.8125,-26.859375
60,24.8125,-26.859375
60,29.8125,-26.859375
60,34.8125,-26.859375
60,39.8125,-26.859375
60,44.8125,-26.859375
60,49.8125,-26.859375
60,54.8125,-26.859375
60,59.8125,-26.859375
60,64.8125,-26.859375
60,69.8125,-26.859375
60,74.8125,-26.859375
60,79.8125,-26.859375
60,-85.1875,-21.859375
60,-80.1875,-21.859375
60,-75.1875,-21.859375
60,-70.1875,-21.859375
60,-65.1875,-21.859375
60,-60.1875,-21.859375
60,-55.1875,-21.859375
60,-50.1875,-21.859375
60,-45.1875,-21.859375
60,-40.1875,-21.859375
60,-35.1875,-21.859375
60,-30.1875,-21.859375
60,-25.1875,-21.859375
60,-20.1875,-21.859375
60,-15.1875,-21.859375
60,-10.1875,-21.859375
60,-5.1875,-21.859375
60,-0.1875,-21.859375
60,4.8125,-21.859375
60,9.8125,-21.859375
60,14.8125,-21.859375
60,19.8125,-21.859375
60,24.8125,-21.859375
60,29.8125,-21.859375
60,34.8125,-21.859375
60,39.8125,-21.859375
60,44.8125,-21.859375
60,49.8125,-21.859375
60,54.8125,-21.859375
60,59.8125,-21.859375
60,64.8125,-21.859375
60,69.8125,-21.859375
60,74.8125,-21.859375
60,79.8125,-21.859375
60,-85.1875,-16.859375
60,-80.1875,-16.859375
60,-75.1875,-16.859375
60,-70.1875,-16.859375
60,-65.1875,-16.859375
60,-60.1875,-16.859375
60,-55.1875,-16.859375
60,-50.1875,-16.859375
60,-45.1875,-16.859375
60,-40.1875,-16.859375
60,-35.1875,-16.859375
60,-30.1875,-16.859375
60,-25.1875,-16.859375
60,-20.1875,-16.859375
60,-15.1875,-16.859375
60,-10.1875,-16.859375
60,-5.1875,-16.859375
60,-0.1875,-16.859375
60,4.8125,-16.859375
60,9.8125,-16.859375
60,14.8125,-16.859375
60,19.8125,-16.859375
60,24.8125,-16.859375
60,29.8125,-16.859375
60,34.8125,-16.859375
60,39.8125,-16.859375
60,44.8125,-16.859375
60,49.8125,-16.859375
60,54.8125,-16.859375
60,59.8125,-16.859375
60,64.8125,-16.859375
60,69.8125,-16.859375
60,74.8125,-16.859375
60,79.8125,-16.859375
60,-85.1875,-11.859375
60,-80.1875,-11.859375
60,-75.1875,-11.859375
60,-70.1875,-11.859375
60,-65.1875,-11.859375
60,-60.1875,-11.859375
60,-55.1875,-11.859375
60,-50.1875,-11.859375
60,-45.1875,-11.859375
60,-40.1875,-11.859375
60,-35.1875,-11.859375
60,-30.1875,-11.859375
60,-25.1875,-11.859375
60,-20.1875,-11.859375
60,-15.1875,-11.859375
60,-10.1875,-11.859375
60,-5.1875,-11.859375
60,-0.1875,-11.859375
60,4.8125,-11.859375
60,9.8125,-11.859375
60,14.8125,-11.859375
60,19.8125,-11.859375
60,24.8125,-11.859375
60,29.8125,-11.859375
60,34.8125,-11.859375
60,39.8125,-11.859375
60,44.8125,-11.859375
60,49.8125,-11.859375
60,54.8125,-11.859375
60,59.8125,-11.859375
60,64.8125,-11.859375
60,69.8125,-11.859375
60,74.8125,-11.859375
60,79.8125,-11.859375
60,-85.1875,-6.859375
60,-80.1875,-6.859375
60,-75.1875,-6.859375
60,-70.1875,-6.859375
60,-65.1875,-6.859375
60,-60.1875,-6.859375
60,-55.1875,-6.859375
60,-50.1875,-6.859375
60,-45.1875,-6.859375
60,-40.1875,-6.859375
60,-35.1875,-6.859375
60,-30.1875,-6.859375
60,-25.1875,-6.859375
60,-20.1875,-6.859375
60,-15.1875,-6.859375
60,-10.1875,-6.859375
60,-5.1875,-6.859375
60,-0.1875,-6.859375
60,4.8125,-6.859375
60,9.8125,-6.859375
60,14.8125,-6.859375
60,19.8125,-6.859375
60,24.8125,-6.859375
60,29.8125,-6.859375
60,34.8125,-6.859375
60,39.8125,-6.859375
60,44.8125,-6.859375
60,49.8125,-6.859375
60,54.8125,-6.859375
60,59.8125,-6.859375
60,64.8125,-6.859375
60,69.8125,-6.859375
60,74.8125,-6.859375
60,79.8125,-6.859375
60,-85.1875,-1.859375
60,-80.1875,-1.859375
60,-75.1875,-1.859375
60,-70.1875,-1.859375
60,-65.1875,-1.859375
60,-60.1875,-1.859375
60,-55.1875,-1.859375
60,-50.1875,-1.859375
60,-45.1875,-1.859375
60,-40.1875,-1.859375
60,-35.1875,-1.859375
60,-30.1875,-1.859375
60,-25.1875,-1.859375
60,-20.1875,-1.859375
60,-15.1875,-1.859375
60,-10.1875,-1.859375
60,-5.1875,-1.859375
60,-0.1875,-1.859375
60,4.8125,-1.859375
60,9.8125,-1.859375
60,14.8125,-1.859375
60,19.8125,-1.859375
60,24.8125,-1.859375
60,29.8125,-1.859375
60,34.8125,-1.859375
60,39.8125,-1.859375
60,44.8125,-1.859375
60,49.8125,-1.859375
60,54.8125,-1.859375
60,59.8125,-1.859375
60,64.8125,-1.859375
60,69.8125,-1.859375
60,74.8125,-1.859375
60,79.8125,-1.859375
60,-85.1875,3.140625
60,-80.1875,3.140625
60,-75.1875,3.140625
60,-70.1875,3.140625
60,-65.1875,3.140625
60,-60.1875,3.140625
60,-55.1875,3.140625
60,-50.1875,3.140625
60,-45.1875,3.140625
60,-40.1875,3.140625
60,-35.1875,3.140625
60,-30.1875,3.140625
60,-25.1875,3.140625
60,-20.1875,3.140625
60,-15.1875,3.140625
60,-10.1875,3.140625
60,-5.1875,3.140625
60,-0.1875,3.140625
60,4.8125,3.140625
60,9.8125,3.140625
60,14.8125,3.140625
60,19.8125,3.140625
60,24.8125,3.140625
60,29.8125,3.140625
60,34.8125,3.140625
60,39.8125,3.140625
60,44.8125,3.140625
60,49.8125,3.140625
60,54.8125,3.140625
60,59.8125,3.140625
60,64.8125,3.140625
60,69.8125,3.140625
60,74.8125,3.140625
60,79.8125,3.140625
60,-85.1875,8.140625
60,-80.1875,8.140625
60,-75.1875,8.140625
60,-70.1875,8.140625
60,-65.1875,8.140625
60,-60.1875,8.140625
60,-55.1875,8.140625
60,-50.1875,8.140625
60,-45.1875,8.140625
60,-40.1875,8.140625
60,-35.1875,8.140625
60,-30.1875,8.140625
60,-25.1875,8.140625
60,-20.1875,8.140625
60,-15.1875,8.140625
60,-10.1875,8.140625
60,-5.1875,8.140625
60,-0.1875,8.140625
60,4.8125,8.140625
60,9.8125,8.140625
60,14.8125,8.140625
60,19.8125,8.140625
60,24.8125,8.140625
60,29.8125,8.140625
60,34.8125,8.140625
60,39.8125,8.140625
60,44.8125,8.140625
60,49.8125,8.140625
60,54.8125,8.140625
60,59.8125,8.140625
60,64.8125,8.140625
60,69.8125,8.140625
60,74.8125,8.140625
60,79.8125,8.140625
60,-85.1875,13.140625
60,-80.1875,13.140625
60,-75.1875,13.140625
60,-70.1875,13.140625
60,-65.1875,13.140625
60,-60.1875,13.140625
60,-55.1875,13.140625
60,-50.1875,13.140625
60,-45.1875,13.140625
60,-40.1875,13.140625
60,-35.1875,13.140625
60,-30.1875,13.140625
60,-25.1875,13.140625
60,-20.1875,13.140625
60,-15.1875,13.140625
60,-10.1875,13.140625
60,-5.1875,13.140625
60,-0.1875,13.140625
60,4.8125,13.140625
60,9.8125,13.140625
60,14.8125,13.140625
60,19.8125,13.140625
60,24.8125,13.140625
60,29.8125,13.140625
60,34.8125,13.140625
60,39.8125,13.140625
60,44.8125,13.140625
60,49.8125,13.140625
60,54.8125,13.140625
60,59.8125,13.140625
60,64.8125,13.140625
60,69.8125,13.140625
60,74.8125,13.140625
60,79.8125,13.140625
60,-85.1875,18.140625
60,-80.1875,18.140625
60,-75.1875,18.140625
60,-70.1875,18.140625
60,-65.1875,18.140625
60,-60.1875,18.140625
60,-55.1875,18.140625
60,-50.1875,18.140625
60,-45.1875,18.140625
60,-40.1875,18.140625
60,-35.1875,18.140625
60,-30.1875,18.140625
60,-25.1875,18.140625
60,-20.1875,18.140625
60,-15.1875,18.140625
60,-10.1875,18.140625
60,-5.1875,18.140625
60,-0.1875,18.140625
60,4.8125,18.140625
60,9.8125,18.140625
60,14.8125,18.140625
60,19.8125,18.140625
60,24.8125,18.140625
60,29.8125,18.140625
60,34.8125,18.140625
60,39.8125,18.140625
60,44.8125,18.140625
60,49.8125,18.140625
60,54.8125,18.140625
60,59.8125,18.140625
60,64.8125,18.140625
60,69.8125,18.140625
60,74.8125,18.140625
60,79.8125,18.140625
60,-85.1875,23.140625
60,-80.1875,23.140625
60,-75.1875,23.140625
60,-70.1875,23.140625
60,-65.1875,23.140625
60,-60.1875,23.140625
60,-55.1875,23.140625
60,-50.1875,23.140625
60,-45.1875,23.140625
60,-40.1875,23.140625
60,-35.1875,23.140625
60,-30.1875,23.140625
60,-25.1875,23.140625
60,-20.1875,23.140625
60,-15.1875,23.140625
60,-10.1875,23.140625
60,-5.1875,23.140625
60,-0.1875,23.140625
60,4.8125,23.140625
60,9.8125,23.140625
60,14.8125,23.140625
60,19.8125,23.140625
60,24.8125,23.140625
60,29.8125,23.140625
60,34.8125,23.140625
60,39.8125,23.140625
60,44.8125,23.140625
60,49.8125,23.140625
60,54.8125,23.140625
60,59.8125,23.140625
60,64.8125,23.140625
60,69.8125,23.140625
60,74.8125,23.140625
60,79.8125,23.140625
60,-85.1875,28.140625
60,-80.1875,28.140625
60,-75.1875,28.140625
60,-70.1875,28.140625
60,-65.1875,28.140625
60,-60.1875,28.140625
60,-55.1875,28.140625
60,-50.1875,28.140625
60,-45.1875,28.140625
60,-40.1875,28.140625
60,-35.1875,28.140625
60,-30.1875,28.140625
60,-25.1875,28.140625
60,-20.1875,28.140625
60,-15.1875,28.140625
60,-10.1875,28.140625
60,-5.1875,28.140625
60,-0.1875,28.140625
60,4.8125,28.140625
60,9.8125,28.140625
60,14.8125,28.140625
60,19.8125,28.140625
60,24.8125,28.140625
60,29.8125,28.140625
60,34.8125,28.140625
60,39.8125,28.140625
60,44.8125,28.140625
60,49.8125,28.140625
60,54.8125,28.140625
60,59.8125,28.140625
60,64.8125,28.140625
60,69.8125,28.140625
60,74.8125,28.140625
60,79.8125,28.140625
60,-85.1875,33.140625
60,-80.1875,33.140625
60,-75.1875,33.140625
60,-70.1875,33.140625
60,-65.1875,33.140625
60,-60.1875,33.140625
60,-55.1875,33.140625
60,-50.1875,33.140625
60,-45.1875,33.140625
60,-40.1875,33.140625
60,-35.1875,33.140625
60,-30.1875,33.140625
60,-25.1875,33.140625
60,-20.1875,33.140625
60,-15.1875,33.140625
60,-10.1875,33.140625
60,-5.1875,33.140625
60,-0.1875,33.140625
60,4.8125,33.140625
60,9.8125,33.140625
60,14.8125,33.140625
60,19.8125,33.140625
60,24.8125,33.140625
60,29.8125,33.140625
60,34.8125,33.140625
60,39.8125,33.140625
60,44.8125,33.140625
60,49.8125,33.140625
60,54.8125,33.140625
60,59.8125,33.140625
60,64.8125,33.140625
60,69.8125,33.140625
60,74.8125,33.140625
60,79.8125,33.140625
60,-85.1875,38.140625
60,-80.1875,38.140625
60,-75.1875,38.140625
60,-70.1875,38.140625
60,-65.1875,38.140625
60,-60.1875,38.140625
60,-55.1875,38.140625
60,-50.1875,38.140625
60,-45.1875,38.140625
60,-40.1875,38.140625
60,-35.1875,38.140625
60,-30.1875,38.140625
60,-25.1875,38.140625
60,-20.1875,38.140625
60,-15.1875,38.140625
60,-10.1875,38.140625
60,-5.1875,38.140625
60,-0.1875,38.140625
60,4.8125,38.140625
60,9.8125,38.140625
60,14.8125,38.140625
60,19.8125,38.140625
60,24.8125,38.140625
60,29.8125,38.140625
60,34.8125,38.140625
60,39.8125,38.140625
60,44.8125,38.140625
60,49.8125,38.140625
60,54.8125,38.140625
60,59.8125,38.140625
60,64.8125,38.140625
60,69.8125,38.140625
60,74.8125,38.140625
60,79.8125,38.140625
60,-85.1875,43.140625
60,-80.1875,43.140625
60,-75.1875,43.140625
60,-70.1875,43.140625
60,-65.1875,43.140625
60,-60.1875,43.140625
60,-55.1875,43.140625
60,-50.1875,43.140625
60,-45.1875,43.140625
60,-40.1875,43.140625
60,-35.1875,43.140625
60,-30.1875,43.140625
60,-25.1875,43.140625
60,-20.1875,43.140625
60,-15.1875,43.140625
60,-10.1875,43.140625
60,-5.1875,43.140625
60,-0.1875,43.140625
60,4.8125,43.140625
60,9.8125,43.140625
60,14.8125,43.140625
60,19.8125,43.140625
60,24.8125,43.140625
60,29.8125,43.140625
60,34.8125,43.140625
60,39.8125,43.140625
60,44.8125,43.140625
60,49.8125,43.140625
60,54.8125,43.140625
60,59.8125,43.140625
60,64.8125,43.140625
60,69.8125,43.140625
60,74.8125,43.140625
60,79.8125,43.140625
60,-85.1875,48.140625
60,-80.1875,48.140625
60,-75.1875,48.140625
60,-70.1875,48.140625
60,-65.1875,48.140625
60,-60.1875,48.140625
60,-55.1875,48.140625
60,-50.1875,48.140625
60,-45.1875,48.140625
60,-40.1875,48.140625
60,-35.1875,48.140625
60,-30.1875,48.140625
60,-25.1875,48.140625
60,-20.1875,48.140625
60,-15.1875,48.140625
60,-10.1875,48.140625
60,-5.1875,48.140625
60,-0.1875,48.140625
60,4.8125,48.140625
60,9.8125,48.140625
60,14.8125,48.140625
60,19.8125,48.140625
60,24.8125,48.140625
60,29.8125,48.140625
60,34.8125,48.140625
60,39.8125,48.140625
60,44.8125,48.140625
60,49.8125,48.140625
60,54.8125,48.140625
60,59.8125,48.140625
60,64.8125,48.140625
60,69.8125,48.140625
60,74.8125,48.140625
60,79.8125,48.140625
60,-85.1875,53.140625
60,-80.1875,53.140625
60,-75.1875,53.140625
60,-70.1875,53.140625
60,-65.1875,53.140625
60,-60.1875,53.140625
60,-55.1875,53.140625
60,-50.1875,53.140625
60,-45.1875,53.140625
60,-40.1875,53.140625
60,-35.1875,53.140625
60,-30.1875,53.140625
60,-25.1875,53.140625
60,-20.1875,53.140625
60,-15.1875,53.140625
60,-10.1875,53.140625
60,-5.1875,53.140625
60,-0.1875,53.140625
60,4.8125,53.140625
60,9.8125,53.140625
60,14.8125,53.140625
60,19.8125,53.140625
60,24.8125,53.140625
60,29.8125,53.140625
60,34.8125,53.140625
60,39.8125,53.140625
60,44.8125,53.140625
60,49.8125,53.140625
60,54.8125,53.140625
60,59.8125,53.140625
60,64.8125,53.140625
60,69.8125,53.140625
60,74.8125,53.140625
60,79.8125,53.140625
60,-85.1875,58.140625
60,-80.1875,58.140625
60,-75.1875,58.140625
60,-70.1875,58.140625
60,-65.1875,58.140625
60,-60.1875,58.140625
60,-55.1875,58.140625
60,-50.1875,58.140625
60,-45.1875,58.140625
60,-40.1875,58.140625
60,-35.1875,58.140625
60,-30.1875,58.140625
60,-25.1875,58.140625
60,-20.1875,58.140625
60,-15.1875,58.140625
60,-10.1875,58.140625
60,-5.1875,58.140625
60,-0.1875,58.140625
60,4.8125,58.140625
60,9.8125,58.140625
60,14.8125,58.140625
60,19.8125,58.140625
60,24.8125,58.140625
60,29.8125,58.140625
60,34.8125,58.140625
60,39.8125,58.140625
60,44.8125,58.140625
60,49.8125,58.140625
60,54.8125,58.140625
60,59.8125,58.140625
60,64.8125,58.140625
60,69.8125,58.140625
60,74.8125,58.140625
60,79.8125,58.140625
60,-85.1875,63.140625
60,-80.1875,63.140625
60,-75.1875,63.140625
60,-70.1875,63.140625
60,-65.1875,63.140625
60,-60.1875,63.140625
60,-55.1875,63.140625
60,-50.1875,63.140625
60,-45.1875,63.140625
60,-40.1875,63.140625
60,-35.1875,63.140625
60,-30.1875,63.140625
60,-25.1875,63.140625
60,-20.1875,63.140625
60,-15.1875,63.140625
60,-10.1875,63.140625
60,-5.1875,63.140625
60,-0.1875,63.140625
60,4.8125,63.140625
60,9.8125,63.140625
60,14.8125,63.140625
60,19.8125,63.140625
60,24.8125,63.140625
60,29.8125,63.140625
60,34.8125,63.140625
60,39.8125,63.140625
60,44.8125,63.140625
60,49.8125,63.140625
60,54.8125,63.140625
60,59.8125,63.140625
60,64.8125,63.140625
60,69.8125,63.140625
60,74.8125,63.140625
60,79.8125,63.140625
60,-85.1875,68.140625
60,-80.1875,68.140625
60,-75.1875,68.140625
60,-70.1875,68.140625
60,-65.1875,68.140625
60,-60.1875,68.140625
60,-55.1875,68.140625
60,-50.1875,68.140625
60,-45.1875,68.140625
60,-40.1875,68.140625
60,-35.1875,68.140625
60,-30.1875,68.140625
60,-25.1875,68.140625
60,-20.1875,68.140625
60,-15.1875,68.140625
60,-10.1875,68.140625
60,-5.1875,68.140625
60,-0.1875,68.140625
60,4.8125,68.140625
60,9.8125,68.140625
60,14.8125,68.140625
60,19.8125,68.140625
60,24.8125,68.140625
60,29.8125,68.140625
60,34.8125,68.140625
60,39.8125,68.140625
60,44.8125,68.140625
60,49.8125,68.140625
60,54.8125,68.140625
60,59.8125,68.140625
60,64.8125,68.140625
60,69.8125,68.140625
60,74.8125,68.140625
60,79.8125,68.140625
60,-85.1875,73.140625
60,-80.1875,73.140625
60,-75.1875,73.140625
60,-70.1875,73.140625
60,-65.1875,73.140625
60,-60.1875,73.140625
60,-55.1875,73.140625
60,-50.1875,73.140625
60,-45.1875,73.140625
60,-40.1875,73.140625
60,-35.1875,73.140625
60,-30.1875,73.140625
60,-25.1875,73.140625
60,-20.1875,73.140625
60,-15.1875,73.140625
60,-10.1875,73.140625
60,-5.1875,73.140625
60,-0.1875,73.140625
60,4.8125,73.140625
60,9.8125,73.140625
60,14.8125,73.140625
60,19.8125,73.140625
60,24.8125,73.140625
60,29.8125,73.140625
60,34.8125,73.140625
60,39.8125,73.140625
60,44.8125,73.140625
60,49.8125,73.140625
60,54.8125,73.140625
60,59.8125,73.140625
60,64.8125,73.140625
60,69.8125,73.140625
60,74.8125,73.140625
60,79.8125,73.140625
60,-85.1875,78.140625
60,-80.1875,78.140625
60,-75.1875,78.140625
60,-70.1875,78.140625
60,-65.1875,78.140625
60,-60.1875,78.140625
60,-55.1875,78.140625
60,-50.1875,78.140625
60,-45.1875,78.140625
60,-40.1875,78.140625
60,-35.1875,78.140625
60,-30.1875,78.140625
60,-25.1875,78.140625
60,-20.1875,78.140625
60,-15.1875,78.140625
60,-10.1875,78.140625
60,-5.1875,78.140625
60,-0.1875,78.140625
60,4.8125,78.140625
60,9.8125,78.140625
60,14.8125,78.140625
60,19.8125,78.140625
60,24.8125,78.140625
60,29.8125,78.140625
60,34.8125,78.140625
60,39.8125,78.140625
60,44.8125,78.140625
60,49.8125,78.140625
60,54.8125,78.140625
60,59.8125,78.140625
60,64.8125,78.140625
60,69.8125,78.140625
60,74.8125,78.140625
60,79.8125,78.140625
60,-85.1875,83.140625
60,-80.1875,83.140625
60,-75.1875,83.140625
60,-70.1875,83.140625
60,-65.1875,83.140625
60,-60.1875,83.140625
60,-55.1875,83.140625
60,-50.1875,83.140625
60,-45.1875,83.140625
60,-40.1875,83.140625
60,-35.1875,83.140625
60,-30.1875,83.140625
60,-25.1875,83.140625
60,-20.1875,83.140625
60,-15.1875,83.140625
60,-10.1875,83.140625
60,-5.1875,83.140625
60,-0.1875,83.140625
60,4.8125,83.140625
60,9.8125,83.140625
60,14.8125,83.140625
60,19.8125,83.140625
60,24.8125,83.140625
60,29.8125,83.140625
60,34.8125,83.140625
60,39.8125,83.140625
60,44.8125,83.140625
60,49.8125,83.140625
60,54.8125,83.140625
60,59.8125,83.140625
60,64.8125,83.140625
60,69.8125,83.140625
60,74.8125,83.140625
60,79.8125,83.140625
60,-85.1875,88.140625
60,-80.1875,88.140625
60,-75.1875,88.140625
60,-70.1875,88.140625
60,-65.1875,88.140625
60,-60.1875,88.140625
60,-55.1875,88.140625
60,-50.1875,88.140625
60,-45.1875,88.140625
60,-40.1875,88.140625
60,-35.1875,88.140625
60,-30.1875,88.140625
60,-25.1875,88.140625
60,-20.1875,88.140625
60,-15.1875,88.140625
60,-10.1875,88.140625
60,-5.1875,88.140625
60,-0.1875,88.140625
60,4.8125,88.140625
60,9.8125,88.140625
60,14.8125,88.140625
60,19.8125,88.140625
60,24.8125,88.140625
60,29.8125,88.140625
60,34.8125,88.140625
60,39.8125,88.140625
60,44.8125,88.140625
60,49.8125,88.140625
60,54.8125,88.140625
60,59.8125,88.140625
60,64.8125,88.140625
60,69.8125,88.140625
60,74.8125,88.140625
60,79.8125,88.140625
60,-85.1875,93.140625
60,-80.1875,93.140625
60,-75.1875,93.140625
60,-70.1875,93.140625
60,-65.1875,93.140625
60,-60.1875,93.140625
60,-55.1875,93.140625
60,-50.1875,93.140625
60,-45.1875,93.140625
60,-40.1875,93.140625
60,-35.1875,93.140625
60,-30.1875,93.140625
60,-25.1875,93.140625
60,-20.1875,93.140625
60,-15.1875,93.140625
60,-10.1875,93.140625
60,-5.1875,93.140625
60,-0.1875,93.140625
60,4.8125,93.140625
60,9.8125,93.140625
60,14.8125,93.140625
60,19.8125,93.140625
60,24.8125,93.140625
60,29.8125,93.140625
60,34.8125,93.140625
60,39.8125,93.140625
60,44.8125,93.140625
60,49.8125,93.140625
60,54.8125,93.140625
60,59.8125,93.140625
60,64.8125,93.140625
60,69.8125,93.140625
60,74.8125,93.140625
60,79.8125,93.140625
