,L,A,B,LAB,HEX
0,60,-85.1875,-106.859375,"[60.0, -85.1875, -106.859375]",#00bbff
1,60,-80.1875,-106.859375,"[60.0, -80.1875, -106.859375]",#00baff
2,60,-75.1875,-106.859375,"[60.0, -75.1875, -106.859375]",#00b9ff
3,60,-70.1875,-106.859375,"[60.0, -70.1875, -106.859375]",#00b8ff
4,60,-65.1875,-106.859375,"[60.0, -65.1875, -106.859375]",#00b6ff
5,60,-60.1875,-106.859375,"[60.0, -60.1875, -106.859375]",#00b5ff
6,60,-55.1875,-106.859375,"[60.0, -55.1875, -106.859375]",#00b4ff
7,60,-50.1875,-106.859375,"[60.0, -50.1875, -106.859375]",#00b2ff
8,60,-45.1875,-106.859375,"[60.0, -45.1875, -106.859375]",#00b1ff
9,60,-40.1875,-106.859375,"[60.0, -40.1875, -106.859375]",#00afff
10,60,-35.1875,-106.859375,"[60.0, -35.1875, -106.859375]",#00adff
11,60,-30.1875,-106.859375,"[60.0, -30.1875, -106.859375]",#00abff
12,60,-25.1875,-106.859375,"[60.0, -25.1875, -106.859375]",#00aaff
13,60,-20.1875,-106.859375,"[60.0, -20.1875, -106.859375]",#00a8ff
14,60,-15.1875,-106.859375,"[60.0, -15.1875, -106.859375]",#00a6ff
15,60,-10.1875,-106.859375,"[60.0, -10.1875, -106.859375]",#00a3ff
16,60,-5.1875,-106.859375,"[60.0, -5.1875, -106.859375]",#00a1ff
17,60,-0.1875,-106.859375,"[60.0, -0.1875, -106.859375]",#009fff
18,60,4.8125,-106.859375,"[60.0, 4.8125, -106.859375]",#009cff
19,60,9.8125,-106.859375,"[60.0, 9.8125, -106.859375]",#0099ff
20,60,14.8125,-106.859375,"[60.0, 14.8125, -106.859375]",#0097ff
21,60,19.8125,-106.859375,"[60.0, 19.8125, -106.859375]",#0094ff
22,60,24.8125,-106.859375,"[60.0, 24.8125, -106.859375]",#0091ff
23,60,29.8125,-106.859375,"[60.0, 29.8125, -106.859375]",#008dff
24,60,34.8125,-106.859375,"[60.0, 34.8125, -106.859375]",#008aff
25,60,39.8125,-106.859375,"[60.0, 39.8125, -106.859375]",#0086ff
26,60,44.8125,-106.859375,"[60.0, 44.8125, -106.859375]",#0082ff
27,60,49.8125,-106.859375,"[60.0, 49.8125, -106.859375]",#007eff
28,60,54.8125,-106.859375,"[60.0, 54.8125, -106.859375]",#3279ff
29,60,59.8125,-106.859375,"[60.0, 59.8125, -106.859375]",#5374ff
30,60,64.8125,-106.859375,"[60.0, 64.8125, -106.859375]",#6a6fff
31,60,69.8125,-106.859375,"[60.0, 69.8125, -106.859375]",#7c69ff
32,60,74.8125,-106.859375,"[60.0, 74.8125, -106.859375]",#8b63ff
33,60,79.8125,-106.859375,"[60.0, 79.8125, -106.859375]",#995bff
34,60,-85.1875,-101.859375,"[60.0, -85.1875, -101.859375]",#00bbff
35,60,-80.1875,-101.859375,"[60.0, -80.1875, -101.859375]",#00b9ff
36,60,-75.1875,-101.859375,"[60.0, -75.1875, -101.859375]",#00b8ff
37,60,-70.1875,-101.859375,"[60.0, -70.1875, -101.859375]",#00b7ff
38,60,-65.1875,-101.859375,"[60.0, -65.1875, -101.859375]",#00b6ff
39,60,-60.1875,-101.859375,"[60.0, -60.1875, -101.859375]",#00b4ff
40,60,-55.1875,-101.859375,"[60.0, -55.1875, -101.859375]",#00b3ff
41,60,-50.1875,-101.859375,"[60.0, -50.1875, -101.859375]",#00b1ff
42,60,-45.1875,-101.859375,"[60.0, -45.1875, -101.859375]",#00b0ff
43,60,-40.1875,-101.859375,"[60.0, -40.1875, -101.859375]",#00aeff
44,60,-35.1875,-101.859375,"[60.0, -35.1875, -101.859375]",#00acff
45,60,-30.1875,-101.859375,"[60.0, -30.1875, -101.859375]",#00abff
46,60,-25.1875,-101.859375,"[60.0, -25.1875, -101.859375]",#00a9ff
47,60,-20.1875,-101.859375,"[60.0, -20.1875, -101.859375]",#00a7ff
48,60,-15.1875,-101.859375,"[60.0, -15.1875, -101.859375]",#00a5ff
49,60,-10.1875,-101.859375,"[60.0, -10.1875, -101.859375]",#00a2ff
50,60,-5.1875,-101.859375,"[60.0, -5.1875, -101.859375]",#00a0ff
51,60,-0.1875,-101.859375,"[60.0, -0.1875, -101.859375]",#009eff
52,60,4.8125,-101.859375,"[60.0, 4.8125, -101.859375]",#009bff
53,60,9.8125,-101.859375,"[60.0, 9.8125, -101.859375]",#0098ff
54,60,14.8125,-101.859375,"[60.0, 14.8125, -101.859375]",#0096ff
55,60,19.8125,-101.859375,"[60.0, 19.8125, -101.859375]",#0093ff
56,60,24.8125,-101.859375,"[60.0, 24.8125, -101.859375]",#008fff
57,60,29.8125,-101.859375,"[60.0, 29.8125, -101.859375]",#008cff
58,60,34.8125,-101.859375,"[60.0, 34.8125, -101.859375]",#0089ff
59,60,39.8125,-101.859375,"[60.0, 39.8125, -101.859375]",#0085ff
60,60,44.8125,-101.859375,"[60.0, 44.8125, -101.859375]",#0081ff
61,60,49.8125,-101.859375,"[60.0, 49.8125, -101.859375]",#357cff
62,60,54.8125,-101.859375,"[60.0, 54.8125, -101.859375]",#5478ff
63,60,59.8125,-101.859375,"[60.0, 59.8125, -101.859375]",#6a73ff
64,60,64.8125,-101.859375,"[60.0, 64.8125, -101.859375]",#7b6dff
65,60,69.8125,-101.859375,"[60.0, 69.8125, -101.859375]",#8b67ff
66,60,74.8125,-101.859375,"[60.0, 74.8125, -101.859375]",#9861ff
67,60,79.8125,-101.859375,"[60.0, 79.8125, -101.859375]",#a559ff
68,60,-85.1875,-96.859375,"[60.0, -85.1875, -96.859375]",#00baff
69,60,-80.1875,-96.859375,"[60.0, -80.1875, -96.859375]",#00b9ff
70,60,-75.1875,-96.859375,"[60.0, -75.1875, -96.859375]",#00b7ff
71,60,-70.1875,-96.859375,"[60.0, -70.1875, -96.859375]",#00b6ff
72,60,-65.1875,-96.859375,"[60.0, -65.1875, -96.859375]",#00b5ff
73,60,-60.1875,-96.859375,"[60.0, -60.1875, -96.859375]",#00b4ff
74,60,-55.1875,-96.859375,"[60.0, -55.1875, -96.859375]",#00b2ff
75,60,-50.1875,-96.859375,"[60.0, -50.1875, -96.859375]",#00b1ff
76,60,-45.1875,-96.859375,"[60.0, -45.1875, -96.859375]",#00afff
77,60,-40.1875,-96.859375,"[60.0, -40.1875, -96.859375]",#00adff
78,60,-35.1875,-96.859375,"[60.0, -35.1875, -96.859375]",#00acff
79,60,-30.1875,-96.859375,"[60.0, -30.1875, -96.859375]",#00aaff
80,60,-25.1875,-96.859375,"[60.0, -25.1875, -96.859375]",#00a8ff
81,60,-20.1875,-96.859375,"[60.0, -20.1875, -96.859375]",#00a6ff
82,60,-15.1875,-96.859375,"[60.0, -15.1875, -96.859375]",#00a4ff
83,60,-10.1875,-96.859375,"[60.0, -10.1875, -96.859375]",#00a2ff
84,60,-5.1875,-96.859375,"[60.0, -5.1875, -96.859375]",#009fff
85,60,-0.1875,-96.859375,"[60.0, -0.1875, -96.859375]",#009dff
86,60,4.8125,-96.859375,"[60.0, 4.8125, -96.859375]",#009aff
87,60,9.8125,-96.859375,"[60.0, 9.8125, -96.859375]",#0097ff
88,60,14.8125,-96.859375,"[60.0, 14.8125, -96.859375]",#0095ff
89,60,19.8125,-96.859375,"[60.0, 19.8125, -96.859375]",#0092ff
90,60,24.8125,-96.859375,"[60.0, 24.8125, -96.859375]",#008eff
91,60,29.8125,-96.859375,"[60.0, 29.8125, -96.859375]",#008bff
92,60,34.8125,-96.859375,"[60.0, 34.8125, -96.859375]",#0087ff
93,60,39.8125,-96.859375,"[60.0, 39.8125, -96.859375]",#0084ff
94,60,44.8125,-96.859375,"[60.0, 44.8125, -96.859375]",#367fff
95,60,49.8125,-96.859375,"[60.0, 49.8125, -96.859375]",#547bff
96,60,54.8125,-96.859375,"[60.0, 54.8125, -96.859375]",#6976ff
97,60,59.8125,-96.859375,"[60.0, 59.8125, -96.859375]",#7b71ff
98,60,64.8125,-96.859375,"[60.0, 64.8125, -96.859375]",#8a6cff
99,60,69.8125,-96.859375,"[60.0, 69.8125, -96.859375]",#9766ff
100,60,74.8125,-96.859375,"[60.0, 74.8125, -96.859375]",#a45fff
101,60,79.8125,-96.859375,"[60.0, 79.8125, -96.859375]",#af57ff
102,60,-85.1875,-91.859375,"[60.0, -85.1875, -91.859375]",#00b9ff
103,60,-80.1875,-91.859375,"[60.0, -80.1875, -91.859375]",#00b8ff
104,60,-75.1875,-91.859375,"[60.0, -75.1875, -91.859375]",#00b7ff
105,60,-70.1875,-91.859375,"[60.0, -70.1875, -91.859375]",#00b5ff
106,60,-65.1875,-91.859375,"[60.0, -65.1875, -91.859375]",#00b4ff
107,60,-60.1875,-91.859375,"[60.0, -60.1875, -91.859375]",#00b3ff
108,60,-55.1875,-91.859375,"[60.0, -55.1875, -91.859375]",#00b1ff
109,60,-50.1875,-91.859375,"[60.0, -50.1875, -91.859375]",#00b0ff
110,60,-45.1875,-91.859375,"[60.0, -45.1875, -91.859375]",#00aeff
111,60,-40.1875,-91.859375,"[60.0, -40.1875, -91.859375]",#00adff
112,60,-35.1875,-91.859375,"[60.0, -35.1875, -91.859375]",#00abff
113,60,-30.1875,-91.859375,"[60.0, -30.1875, -91.859375]",#00a9ff
114,60,-25.1875,-91.859375,"[60.0, -25.1875, -91.859375]",#00a7ff
115,60,-20.1875,-91.859375,"[60.0, -20.1875, -91.859375]",#00a5ff
116,60,-15.1875,-91.859375,"[60.0, -15.1875, -91.859375]",#00a3ff
117,60,-10.1875,-91.859375,"[60.0, -10.1875, -91.859375]",#00a1ff
118,60,-5.1875,-91.859375,"[60.0, -5.1875, -91.859375]",#009eff
119,60,-0.1875,-91.859375,"[60.0, -0.1875, -91.859375]",#009cff
120,60,4.8125,-91.859375,"[60.0, 4.8125, -91.859375]",#0099ff
121,60,9.8125,-91.859375,"[60.0, 9.8125, -91.859375]",#0096ff
122,60,14.8125,-91.859375,"[60.0, 14.8125, -91.859375]",#0094ff
123,60,19.8125,-91.859375,"[60.0, 19.8125, -91.859375]",#0091ff
124,60,24.8125,-91.859375,"[60.0, 24.8125, -91.859375]",#008dff
125,60,29.8125,-91.859375,"[60.0, 29.8125, -91.859375]",#008aff
126,60,34.8125,-91.859375,"[60.0, 34.8125, -91.859375]",#0086ff
127,60,39.8125,-91.859375,"[60.0, 39.8125, -91.859375]",#3782ff
128,60,44.8125,-91.859375,"[60.0, 44.8125, -91.859375]",#547eff
129,60,49.8125,-91.859375,"[60.0, 49.8125, -91.859375]",#697aff
130,60,54.8125,-91.859375,"[60.0, 54.8125, -91.859375]",#7a75ff
131,60,59.8125,-91.859375,"[60.0, 59.8125, -91.859375]",#8970ff
132,60,64.8125,-91.859375,"[60.0, 64.8125, -91.859375]",#966aff
133,60,69.8125,-91.859375,"[60.0, 69.8125, -91.859375]",#a264ff
134,60,74.8125,-91.859375,"[60.0, 74.8125, -91.859375]",#ae5dff
135,60,79.8125,-91.859375,"[60.0, 79.8125, -91.859375]",#b955ff
136,60,-85.1875,-86.859375,"[60.0, -85.1875, -86.859375]",#00b8ff
137,60,-80.1875,-86.859375,"[60.0, -80.1875, -86.859375]",#00b7ff
138,60,-75.1875,-86.859375,"[60.0, -75.1875, -86.859375]",#00b6ff
139,60,-70.1875,-86.859375,"[60.0, -70.1875, -86.859375]",#00b5ff
140,60,-65.1875,-86.859375,"[60.0, -65.1875, -86.859375]",#00b3ff
141,60,-60.1875,-86.859375,"[60.0, -60.1875, -86.859375]",#00b2ff
142,60,-55.1875,-86.859375,"[60.0, -55.1875, -86.859375]",#00b1ff
143,60,-50.1875,-86.859375,"[60.0, -50.1875, -86.859375]",#00afff
144,60,-45.1875,-86.859375,"[60.0, -45.1875, -86.859375]",#00adff
145,60,-40.1875,-86.859375,"[60.0, -40.1875, -86.859375]",#00acff
146,60,-35.1875,-86.859375,"[60.0, -35.1875, -86.859375]",#00aaff
147,60,-30.1875,-86.859375,"[60.0, -30.1875, -86.859375]",#00a8ff
148,60,-25.1875,-86.859375,"[60.0, -25.1875, -86.859375]",#00a6ff
149,60,-20.1875,-86.859375,"[60.0, -20.1875, -86.859375]",#00a4ff
150,60,-15.1875,-86.859375,"[60.0, -15.1875, -86.859375]",#00a2ff
151,60,-10.1875,-86.859375,"[60.0, -10.1875, -86.859375]",#00a0ff
152,60,-5.1875,-86.859375,"[60.0, -5.1875, -86.859375]",#009dff
153,60,-0.1875,-86.859375,"[60.0, -0.1875, -86.859375]",#009bff
154,60,4.8125,-86.859375,"[60.0, 4.8125, -86.859375]",#0098ff
155,60,9.8125,-86.859375,"[60.0, 9.8125, -86.859375]",#0096ff
156,60,14.8125,-86.859375,"[60.0, 14.8125, -86.859375]",#0093ff
157,60,19.8125,-86.859375,"[60.0, 19.8125, -86.859375]",#0090ff
158,60,24.8125,-86.859375,"[60.0, 24.8125, -86.859375]",#008cff
159,60,29.8125,-86.859375,"[60.0, 29.8125, -86.859375]",#0089ff
160,60,34.8125,-86.859375,"[60.0, 34.8125, -86.859375]",#3785ff
161,60,39.8125,-86.859375,"[60.0, 39.8125, -86.859375]",#5481ff
162,60,44.8125,-86.859375,"[60.0, 44.8125, -86.859375]",#687dff
163,60,49.8125,-86.859375,"[60.0, 49.8125, -86.859375]",#7979ff
164,60,54.8125,-86.859375,"[60.0, 54.8125, -86.859375]",#8774ff
165,60,59.8125,-86.859375,"[60.0, 59.8125, -86.859375]",#956fff
166,60,64.8125,-86.859375,"[60.0, 64.8125, -86.859375]",#a169ff
167,60,69.8125,-86.859375,"[60.0, 69.8125, -86.859375]",#ac63ff
168,60,74.8125,-86.859375,"[60.0, 74.8125, -86.859375]",#b75cff
169,60,79.8125,-86.859375,"[60.0, 79.8125, -86.859375]",#c154ff
170,60,-85.1875,-81.859375,"[60.0, -85.1875, -81.859375]",#00b8ff
171,60,-80.1875,-81.859375,"[60.0, -80.1875, -81.859375]",#00b6ff
172,60,-75.1875,-81.859375,"[60.0, -75.1875, -81.859375]",#00b5ff
173,60,-70.1875,-81.859375,"[60.0, -70.1875, -81.859375]",#00b4ff
174,60,-65.1875,-81.859375,"[60.0, -65.1875, -81.859375]",#00b3ff
175,60,-60.1875,-81.859375,"[60.0, -60.1875, -81.859375]",#00b1ff
176,60,-55.1875,-81.859375,"[60.0, -55.1875, -81.859375]",#00b0ff
177,60,-50.1875,-81.859375,"[60.0, -50.1875, -81.859375]",#00aeff
178,60,-45.1875,-81.859375,"[60.0, -45.1875, -81.859375]",#00adff
179,60,-40.1875,-81.859375,"[60.0, -40.1875, -81.859375]",#00abff
180,60,-35.1875,-81.859375,"[60.0, -35.1875, -81.859375]",#00a9ff
181,60,-30.1875,-81.859375,"[60.0, -30.1875, -81.859375]",#00a7ff
182,60,-25.1875,-81.859375,"[60.0, -25.1875, -81.859375]",#00a5ff
183,60,-20.1875,-81.859375,"[60.0, -20.1875, -81.859375]",#00a3ff
184,60,-15.1875,-81.859375,"[60.0, -15.1875, -81.859375]",#00a1ff
185,60,-10.1875,-81.859375,"[60.0, -10.1875, -81.859375]",#009fff
186,60,-5.1875,-81.859375,"[60.0, -5.1875, -81.859375]",#009dff
187,60,-0.1875,-81.859375,"[60.0, -0.1875, -81.859375]",#009aff
188,60,4.8125,-81.859375,"[60.0, 4.8125, -81.859375]",#0097ff
189,60,9.8125,-81.859375,"[60.0, 9.8125, -81.859375]",#0095ff
190,60,14.8125,-81.859375,"[60.0, 14.8125, -81.859375]",#0092ff
191,60,19.8125,-81.859375,"[60.0, 19.8125, -81.859375]",#008fff
192,60,24.8125,-81.859375,"[60.0, 24.8125, -81.859375]",#008bff
193,60,29.8125,-81.859375,"[60.0, 29.8125, -81.859375]",#3788ff
194,60,34.8125,-81.859375,"[60.0, 34.8125, -81.859375]",#5384ff
195,60,39.8125,-81.859375,"[60.0, 39.8125, -81.859375]",#6780ff
196,60,44.8125,-81.859375,"[60.0, 44.8125, -81.859375]",#777cff
197,60,49.8125,-81.859375,"[60.0, 49.8125, -81.859375]",#8677ff
198,60,54.8125,-81.859375,"[60.0, 54.8125, -81.859375]",#9373ff
199,60,59.8125,-81.859375,"[60.0, 59.8125, -81.859375]",#9f6dff
200,60,64.8125,-81.859375,"[60.0, 64.8125, -81.859375]",#aa67ff
201,60,69.8125,-81.859375,"[60.0, 69.8125, -81.859375]",#b561ff
202,60,74.8125,-81.859375,"[60.0, 74.8125, -81.859375]",#bf5aff
203,60,79.8125,-81.859375,"[60.0, 79.8125, -81.859375]",#c852ff
204,60,-85.1875,-76.859375,"[60.0, -85.1875, -76.859375]",#00b7ff
205,60,-80.1875,-76.859375,"[60.0, -80.1875, -76.859375]",#00b6ff
206,60,-75.1875,-76.859375,"[60.0, -75.1875, -76.859375]",#00b5ff
207,60,-70.1875,-76.859375,"[60.0, -70.1875, -76.859375]",#00b3ff
208,60,-65.1875,-76.859375,"[60.0, -65.1875, -76.859375]",#00b2ff
209,60,-60.1875,-76.859375,"[60.0, -60.1875, -76.859375]",#00b1ff
210,60,-55.1875,-76.859375,"[60.0, -55.1875, -76.859375]",#00afff
211,60,-50.1875,-76.859375,"[60.0, -50.1875, -76.859375]",#00aeff
212,60,-45.1875,-76.859375,"[60.0, -45.1875, -76.859375]",#00acff
213,60,-40.1875,-76.859375,"[60.0, -40.1875, -76.859375]",#00aaff
214,60,-35.1875,-76.859375,"[60.0, -35.1875, -76.859375]",#00a9ff
215,60,-30.1875,-76.859375,"[60.0, -30.1875, -76.859375]",#00a7ff
216,60,-25.1875,-76.859375,"[60.0, -25.1875, -76.859375]",#00a5ff
217,60,-20.1875,-76.859375,"[60.0, -20.1875, -76.859375]",#00a3ff
218,60,-15.1875,-76.859375,"[60.0, -15.1875, -76.859375]",#00a0ff
219,60,-10.1875,-76.859375,"[60.0, -10.1875, -76.859375]",#009eff
220,60,-5.1875,-76.859375,"[60.0, -5.1875, -76.859375]",#009cff
221,60,-0.1875,-76.859375,"[60.0, -0.1875, -76.859375]",#0099ff
222,60,4.8125,-76.859375,"[60.0, 4.8125, -76.859375]",#0097ff
223,60,9.8125,-76.859375,"[60.0, 9.8125, -76.859375]",#0094ff
224,60,14.8125,-76.859375,"[60.0, 14.8125, -76.859375]",#0091ff
225,60,19.8125,-76.859375,"[60.0, 19.8125, -76.859375]",#008eff
226,60,24.8125,-76.859375,"[60.0, 24.8125, -76.859375]",#368aff
227,60,29.8125,-76.859375,"[60.0, 29.8125, -76.859375]",#5187ff
228,60,34.8125,-76.859375,"[60.0, 34.8125, -76.859375]",#6583ff
229,60,39.8125,-76.859375,"[60.0, 39.8125, -76.859375]",#767fff
230,60,44.8125,-76.859375,"[60.0, 44.8125, -76.859375]",#847bff
231,60,49.8125,-76.859375,"[60.0, 49.8125, -76.859375]",#9176ff
232,60,54.8125,-76.859375,"[60.0, 54.8125, -76.859375]",#9d71ff
233,60,59.8125,-76.859375,"[60.0, 59.8125, -76.859375]",#a86cff
234,60,64.8125,-76.859375,"[60.0, 64.8125, -76.859375]",#b266ff
235,60,69.8125,-76.859375,"[60.0, 69.8125, -76.859375]",#bc60ff
236,60,74.8125,-76.859375,"[60.0, 74.8125, -76.859375]",#c658ff
237,60,79.8125,-76.859375,"[60.0, 79.8125, -76.859375]",#cf50ff
238,60,-85.1875,-71.859375,"[60.0, -85.1875, -71.859375]",#00b6ff
239,60,-80.1875,-71.859375,"[60.0, -80.1875, -71.859375]",#00b5ff
240,60,-75.1875,-71.859375,"[60.0, -75.1875, -71.859375]",#00b4ff
241,60,-70.1875,-71.859375,"[60.0, -70.1875, -71.859375]",#00b3ff
242,60,-65.1875,-71.859375,"[60.0, -65.1875, -71.859375]",#00b1ff
243,60,-60.1875,-71.859375,"[60.0, -60.1875, -71.859375]",#00b0ff
244,60,-55.1875,-71.859375,"[60.0, -55.1875, -71.859375]",#00aeff
245,60,-50.1875,-71.859375,"[60.0, -50.1875, -71.859375]",#00adff
246,60,-45.1875,-71.859375,"[60.0, -45.1875, -71.859375]",#00abff
247,60,-40.1875,-71.859375,"[60.0, -40.1875, -71.859375]",#00aaff
248,60,-35.1875,-71.859375,"[60.0, -35.1875, -71.859375]",#00a8ff
249,60,-30.1875,-71.859375,"[60.0, -30.1875, -71.859375]",#00a6ff
250,60,-25.1875,-71.859375,"[60.0, -25.1875, -71.859375]",#00a4ff
251,60,-20.1875,-71.859375,"[60.0, -20.1875, -71.859375]",#00a2ff
252,60,-15.1875,-71.859375,"[60.0, -15.1875, -71.859375]",#00a0ff
253,60,-10.1875,-71.859375,"[60.0, -10.1875, -71.859375]",#009dff
254,60,-5.1875,-71.859375,"[60.0, -5.1875, -71.859375]",#009bff
255,60,-0.1875,-71.859375,"[60.0, -0.1875, -71.859375]",#0098ff
256,60,4.8125,-71.859375,"[60.0, 4.8125, -71.859375]",#0096ff
257,60,9.8125,-71.859375,"[60.0, 9.8125, -71.859375]",#0093ff
258,60,14.8125,-71.859375,"[60.0, 14.8125, -71.859375]",#0090ff
259,60,19.8125,-71.859375,"[60.0, 19.8125, -71.859375]",#348dff
260,60,24.8125,-71.859375,"[60.0, 24.8125, -71.859375]",#508aff
261,60,29.8125,-71.859375,"[60.0, 29.8125, -71.859375]",#6386ff
262,60,34.8125,-71.859375,"[60.0, 34.8125, -71.859375]",#7482ff
263,60,39.8125,-71.859375,"[60.0, 39.8125, -71.859375]",#827eff
264,60,44.8125,-71.859375,"[60.0, 44.8125, -71.859375]",#8f7aff
265,60,49.8125,-71.859375,"[60.0, 49.8125, -71.859375]",#9b75ff
266,60,54.8125,-71.859375,"[60.0, 54.8125, -71.859375]",#a670ff
267,60,59.8125,-71.859375,"[60.0, 59.8125, -71.859375]",#b06bff
268,60,64.8125,-71.859375,"[60.0, 64.8125, -71.859375]",#ba65ff
269,60,69.8125,-71.859375,"[60.0, 69.8125, -71.859375]",#c35eff
270,60,74.8125,-71.859375,"[60.0, 74.8125, -71.859375]",#cc57ff
271,60,79.8125,-71.859375,"[60.0, 79.8125, -71.859375]",#d54eff
272,60,-85.1875,-66.859375,"[60.0, -85.1875, -66.859375]",#00b6ff
273,60,-80.1875,-66.859375,"[60.0, -80.1875, -66.859375]",#00b5ff
274,60,-75.1875,-66.859375,"[60.0, -75.1875, -66.859375]",#00b3ff
275,60,-70.1875,-66.859375,"[60.0, -70.1875, -66.859375]",#00b2ff
276,60,-65.1875,-66.859375,"[60.0, -65.1875, -66.859375]",#00b1ff
277,60,-60.1875,-66.859375,"[60.0, -60.1875, -66.859375]",#00afff
278,60,-55.1875,-66.859375,"[60.0, -55.1875, -66.859375]",#00aeff
279,60,-50.1875,-66.859375,"[60.0, -50.1875, -66.859375]",#00acff
280,60,-45.1875,-66.859375,"[60.0, -45.1875, -66.859375]",#00abff
281,60,-40.1875,-66.859375,"[60.0, -40.1875, -66.859375]",#00a9ff
282,60,-35.1875,-66.859375,"[60.0, -35.1875, -66.859375]",#00a7ff
283,60,-30.1875,-66.859375,"[60.0, -30.1875, -66.859375]",#00a5ff
284,60,-25.1875,-66.859375,"[60.0, -25.1875, -66.859375]",#00a3ff
285,60,-20.1875,-66.859375,"[60.0, -20.1875, -66.859375]",#00a1ff
286,60,-15.1875,-66.859375,"[60.0, -15.1875, -66.859375]",#009fff
287,60,-10.1875,-66.859375,"[60.0, -10.1875, -66.859375]",#009dff
288,60,-5.1875,-66.859375,"[60.0, -5.1875, -66.859375]",#009aff
289,60,-0.1875,-66.859375,"[60.0, -0.1875, -66.859375]",#0098ff
290,60,4.8125,-66.859375,"[60.0, 4.8125, -66.859375]",#0095ff
291,60,9.8125,-66.859375,"[60.0, 9.8125, -66.859375]",#0092ff
292,60,14.8125,-66.859375,"[60.0, 14.8125, -66.859375]",#318fff
293,60,19.8125,-66.859375,"[60.0, 19.8125, -66.859375]",#4d8cff
294,60,24.8125,-66.859375,"[60.0, 24.8125, -66.859375]",#6189ff
295,60,29.8125,-66.859375,"[60.0, 29.8125, -66.859375]",#7285ff
296,60,34.8125,-66.859375,"[60.0, 34.8125, -66.859375]",#8081ff
297,60,39.8125,-66.859375,"[60.0, 39.8125, -66.859375]",#8c7dff
298,60,44.8125,-66.859375,"[60.0, 44.8125, -66.859375]",#9879ff
299,60,49.8125,-66.859375,"[60.0, 49.8125, -66.859375]",#a374ff
300,60,54.8125,-66.859375,"[60.0, 54.8125, -66.859375]",#ad6fff
301,60,59.8125,-66.859375,"[60.0, 59.8125, -66.859375]",#b76aff
302,60,64.8125,-66.859375,"[60.0, 64.8125, -66.859375]",#c164ff
303,60,69.8125,-66.859375,"[60.0, 69.8125, -66.859375]",#ca5dff
304,60,74.8125,-66.859375,"[60.0, 74.8125, -66.859375]",#d255ff
305,60,79.8125,-66.859375,"[60.0, 79.8125, -66.859375]",#db4cff
306,60,-85.1875,-61.859375,"[60.0, -85.1875, -61.859375]",#00b5fd
307,60,-80.1875,-61.859375,"[60.0, -80.1875, -61.859375]",#00b4fd
308,60,-75.1875,-61.859375,"[60.0, -75.1875, -61.859375]",#00b3fd
309,60,-70.1875,-61.859375,"[60.0, -70.1875, -61.859375]",#00b2fd
310,60,-65.1875,-61.859375,"[60.0, -65.1875, -61.859375]",#00b0fd
311,60,-60.1875,-61.859375,"[60.0, -60.1875, -61.859375]",#00affd
312,60,-55.1875,-61.859375,"[60.0, -55.1875, -61.859375]",#00adfd
313,60,-50.1875,-61.859375,"[60.0, -50.1875, -61.859375]",#00acfd
314,60,-45.1875,-61.859375,"[60.0, -45.1875, -61.859375]",#00aafd
315,60,-40.1875,-61.859375,"[60.0, -40.1875, -61.859375]",#00a8fd
316,60,-35.1875,-61.859375,"[60.0, -35.1875, -61.859375]",#00a7fd
317,60,-30.1875,-61.859375,"[60.0, -30.1875, -61.859375]",#00a5fd
318,60,-25.1875,-61.859375,"[60.0, -25.1875, -61.859375]",#00a3fe
319,60,-20.1875,-61.859375,"[60.0, -20.1875, -61.859375]",#00a1fe
320,60,-15.1875,-61.859375,"[60.0, -15.1875, -61.859375]",#009efe
321,60,-10.1875,-61.859375,"[60.0, -10.1875, -61.859375]",#009cfe
322,60,-5.1875,-61.859375,"[60.0, -5.1875, -61.859375]",#009afe
323,60,-0.1875,-61.859375,"[60.0, -0.1875, -61.859375]",#0097fe
324,60,4.8125,-61.859375,"[60.0, 4.8125, -61.859375]",#0094fe
325,60,9.8125,-61.859375,"[60.0, 9.8125, -61.859375]",#2e91fe
326,60,14.8125,-61.859375,"[60.0, 14.8125, -61.859375]",#4b8efe
327,60,19.8125,-61.859375,"[60.0, 19.8125, -61.859375]",#5f8bfe
328,60,24.8125,-61.859375,"[60.0, 24.8125, -61.859375]",#6f88fe
329,60,29.8125,-61.859375,"[60.0, 29.8125, -61.859375]",#7d84fe
330,60,34.8125,-61.859375,"[60.0, 34.8125, -61.859375]",#8a80fe
331,60,39.8125,-61.859375,"[60.0, 39.8125, -61.859375]",#957cff
332,60,44.8125,-61.859375,"[60.0, 44.8125, -61.859375]",#a078ff
333,60,49.8125,-61.859375,"[60.0, 49.8125, -61.859375]",#ab73ff
334,60,54.8125,-61.859375,"[60.0, 54.8125, -61.859375]",#b46eff
335,60,59.8125,-61.859375,"[60.0, 59.8125, -61.859375]",#be68ff
336,60,64.8125,-61.859375,"[60.0, 64.8125, -61.859375]",#c762ff
337,60,69.8125,-61.859375,"[60.0, 69.8125, -61.859375]",#cf5bff
338,60,74.8125,-61.859375,"[60.0, 74.8125, -61.859375]",#d854ff
339,60,79.8125,-61.859375,"[60.0, 79.8125, -61.859375]",#e04bff
340,60,-85.1875,-56.859375,"[60.0, -85.1875, -56.859375]",#00b5f4
341,60,-80.1875,-56.859375,"[60.0, -80.1875, -56.859375]",#00b3f4
342,60,-75.1875,-56.859375,"[60.0, -75.1875, -56.859375]",#00b2f4
343,60,-70.1875,-56.859375,"[60.0, -70.1875, -56.859375]",#00b1f4
344,60,-65.1875,-56.859375,"[60.0, -65.1875, -56.859375]",#00b0f4
345,60,-60.1875,-56.859375,"[60.0, -60.1875, -56.859375]",#00aef4
346,60,-55.1875,-56.859375,"[60.0, -55.1875, -56.859375]",#00adf4
347,60,-50.1875,-56.859375,"[60.0, -50.1875, -56.859375]",#00abf4
348,60,-45.1875,-56.859375,"[60.0, -45.1875, -56.859375]",#00a9f4
349,60,-40.1875,-56.859375,"[60.0, -40.1875, -56.859375]",#00a8f4
350,60,-35.1875,-56.859375,"[60.0, -35.1875, -56.859375]",#00a6f4
351,60,-30.1875,-56.859375,"[60.0, -30.1875, -56.859375]",#00a4f4
352,60,-25.1875,-56.859375,"[60.0, -25.1875, -56.859375]",#00a2f4
353,60,-20.1875,-56.859375,"[60.0, -20.1875, -56.859375]",#00a0f5
354,60,-15.1875,-56.859375,"[60.0, -15.1875, -56.859375]",#009ef5
355,60,-10.1875,-56.859375,"[60.0, -10.1875, -56.859375]",#009bf5
356,60,-5.1875,-56.859375,"[60.0, -5.1875, -56.859375]",#0099f5
357,60,-0.1875,-56.859375,"[60.0, -0.1875, -56.859375]",#0096f5
358,60,4.8125,-56.859375,"[60.0, 4.8125, -56.859375]",#2994f5
359,60,9.8125,-56.859375,"[60.0, 9.8125, -56.859375]",#4891f5
360,60,14.8125,-56.859375,"[60.0, 14.8125, -56.859375]",#5c8ef5
361,60,19.8125,-56.859375,"[60.0, 19.8125, -56.859375]",#6c8af5
362,60,24.8125,-56.859375,"[60.0, 24.8125, -56.859375]",#7a87f5
363,60,29.8125,-56.859375,"[60.0, 29.8125, -56.859375]",#8783f5
364,60,34.8125,-56.859375,"[60.0, 34.8125, -56.859375]",#9380f5
365,60,39.8125,-56.859375,"[60.0, 39.8125, -56.859375]",#9e7bf6
366,60,44.8125,-56.859375,"[60.0, 44.8125, -56.859375]",#a877f6
367,60,49.8125,-56.859375,"[60.0, 49.8125, -56.859375]",#b172f6
368,60,54.8125,-56.859375,"[60.0, 54.8125, -56.859375]",#bb6df6
369,60,59.8125,-56.859375,"[60.0, 59.8125, -56.859375]",#c467f6
370,60,64.8125,-56.859375,"[60.0, 64.8125, -56.859375]",#cc61f6
371,60,69.8125,-56.859375,"[60.0, 69.8125, -56.859375]",#d55af6
372,60,74.8125,-56.859375,"[60.0, 74.8125, -56.859375]",#dd52f6
373,60,79.8125,-56.859375,"[60.0, 79.8125, -56.859375]",#e549f6
374,60,-85.1875,-51.859375,"[60.0, -85.1875, -51.859375]",#00b4eb
375,60,-80.1875,-51.859375,"[60.0, -80.1875, -51.859375]",#00b3eb
376,60,-75.1875,-51.859375,"[60.0, -75.1875, -51.859375]",#00b2eb
377,60,-70.1875,-51.859375,"[60.0, -70.1875, -51.859375]",#00b0eb
378,60,-65.1875,-51.859375,"[60.0, -65.1875, -51.859375]",#00afeb
379,60,-60.1875,-51.859375,"[60.0, -60.1875, -51.859375]",#00aeeb
380,60,-55.1875,-51.859375,"[60.0, -55.1875, -51.859375]",#00aceb
381,60,-50.1875,-51.859375,"[60.0, -50.1875, -51.859375]",#00abeb
382,60,-45.1875,-51.859375,"[60.0, -45.1875, -51.859375]",#00a9eb
383,60,-40.1875,-51.859375,"[60.0, -40.1875, -51.859375]",#00a7eb
384,60,-35.1875,-51.859375,"[60.0, -35.1875, -51.859375]",#00a5eb
385,60,-30.1875,-51.859375,"[60.0, -30.1875, -51.859375]",#00a3eb
386,60,-25.1875,-51.859375,"[60.0, -25.1875, -51.859375]",#00a1eb
387,60,-20.1875,-51.859375,"[60.0, -20.1875, -51.859375]",#009fec
388,60,-15.1875,-51.859375,"[60.0, -15.1875, -51.859375]",#009dec
389,60,-10.1875,-51.859375,"[60.0, -10.1875, -51.859375]",#009bec
390,60,-5.1875,-51.859375,"[60.0, -5.1875, -51.859375]",#0098ec
391,60,-0.1875,-51.859375,"[60.0, -0.1875, -51.859375]",#2496ec
392,60,4.8125,-51.859375,"[60.0, 4.8125, -51.859375]",#4493ec
393,60,9.8125,-51.859375,"[60.0, 9.8125, -51.859375]",#5990ec
394,60,14.8125,-51.859375,"[60.0, 14.8125, -51.859375]",#698dec
395,60,19.8125,-51.859375,"[60.0, 19.8125, -51.859375]",#778aec
396,60,24.8125,-51.859375,"[60.0, 24.8125, -51.859375]",#8486ec
397,60,29.8125,-51.859375,"[60.0, 29.8125, -51.859375]",#9083ec
398,60,34.8125,-51.859375,"[60.0, 34.8125, -51.859375]",#9a7fed
399,60,39.8125,-51.859375,"[60.0, 39.8125, -51.859375]",#a57bed
400,60,44.8125,-51.859375,"[60.0, 44.8125, -51.859375]",#ae76ed
401,60,49.8125,-51.859375,"[60.0, 49.8125, -51.859375]",#b871ed
402,60,54.8125,-51.859375,"[60.0, 54.8125, -51.859375]",#c16ced
403,60,59.8125,-51.859375,"[60.0, 59.8125, -51.859375]",#c966ed
404,60,64.8125,-51.859375,"[60.0, 64.8125, -51.859375]",#d260ed
405,60,69.8125,-51.859375,"[60.0, 69.8125, -51.859375]",#da59ed
406,60,74.8125,-51.859375,"[60.0, 74.8125, -51.859375]",#e251ed
407,60,79.8125,-51.859375,"[60.0, 79.8125, -51.859375]",#e947ee
408,60,-85.1875,-46.859375,"[60.0, -85.1875, -46.859375]",#00b4e2
409,60,-80.1875,-46.859375,"[60.0, -80.1875, -46.859375]",#00b2e2
410,60,-75.1875,-46.859375,"[60.0, -75.1875, -46.859375]",#00b1e2
411,60,-70.1875,-46.859375,"[60.0, -70.1875, -46.859375]",#00b0e2
412,60,-65.1875,-46.859375,"[60.0, -65.1875, -46.859375]",#00afe2
413,60,-60.1875,-46.859375,"[60.0, -60.1875, -46.859375]",#00ade2
414,60,-55.1875,-46.859375,"[60.0, -55.1875, -46.859375]",#00ace2
415,60,-50.1875,-46.859375,"[60.0, -50.1875, -46.859375]",#00aae2
416,60,-45.1875,-46.859375,"[60.0, -45.1875, -46.859375]",#00a8e2
417,60,-40.1875,-46.859375,"[60.0, -40.1875, -46.859375]",#00a7e2
418,60,-35.1875,-46.859375,"[60.0, -35.1875, -46.859375]",#00a5e2
419,60,-30.1875,-46.859375,"[60.0, -30.1875, -46.859375]",#00a3e2
420,60,-25.1875,-46.859375,"[60.0, -25.1875, -46.859375]",#00a1e3
421,60,-20.1875,-46.859375,"[60.0, -20.1875, -46.859375]",#009fe3
422,60,-15.1875,-46.859375,"[60.0, -15.1875, -46.859375]",#009ce3
423,60,-10.1875,-46.859375,"[60.0, -10.1875, -46.859375]",#009ae3
424,60,-5.1875,-46.859375,"[60.0, -5.1875, -46.859375]",#1c98e3
425,60,-0.1875,-46.859375,"[60.0, -0.1875, -46.859375]",#3f95e3
426,60,4.8125,-46.859375,"[60.0, 4.8125, -46.859375]",#5592e3
427,60,9.8125,-46.859375,"[60.0, 9.8125, -46.859375]",#668fe3
428,60,14.8125,-46.859375,"[60.0, 14.8125, -46.859375]",#748ce3
429,60,19.8125,-46.859375,"[60.0, 19.8125, -46.859375]",#8189e3
430,60,24.8125,-46.859375,"[60.0, 24.8125, -46.859375]",#8c86e3
431,60,29.8125,-46.859375,"[60.0, 29.8125, -46.859375]",#9782e4
432,60,34.8125,-46.859375,"[60.0, 34.8125, -46.859375]",#a17ee4
433,60,39.8125,-46.859375,"[60.0, 39.8125, -46.859375]",#ab7ae4
434,60,44.8125,-46.859375,"[60.0, 44.8125, -46.859375]",#b475e4
435,60,49.8125,-46.859375,"[60.0, 49.8125, -46.859375]",#bd70e4
436,60,54.8125,-46.859375,"[60.0, 54.8125, -46.859375]",#c66be4
437,60,59.8125,-46.859375,"[60.0, 59.8125, -46.859375]",#ce65e4
438,60,64.8125,-46.859375,"[60.0, 64.8125, -46.859375]",#d65fe4
439,60,69.8125,-46.859375,"[60.0, 69.8125, -46.859375]",#de58e4
440,60,74.8125,-46.859375,"[60.0, 74.8125, -46.859375]",#e650e5
441,60,79.8125,-46.859375,"[60.0, 79.8125, -46.859375]",#ee46e5
442,60,-85.1875,-41.859375,"[60.0, -85.1875, -41.859375]",#00b3d9
443,60,-80.1875,-41.859375,"[60.0, -80.1875, -41.859375]",#00b2d9
444,60,-75.1875,-41.859375,"[60.0, -75.1875, -41.859375]",#00b1d9
445,60,-70.1875,-41.859375,"[60.0, -70.1875, -41.859375]",#00afd9
446,60,-65.1875,-41.859375,"[60.0, -65.1875, -41.859375]",#00aed9
447,60,-60.1875,-41.859375,"[60.0, -60.1875, -41.859375]",#00add9
448,60,-55.1875,-41.859375,"[60.0, -55.1875, -41.859375]",#00abd9
449,60,-50.1875,-41.859375,"[60.0, -50.1875, -41.859375]",#00aad9
450,60,-45.1875,-41.859375,"[60.0, -45.1875, -41.859375]",#00a8d9
451,60,-40.1875,-41.859375,"[60.0, -40.1875, -41.859375]",#00a6d9
452,60,-35.1875,-41.859375,"[60.0, -35.1875, -41.859375]",#00a4d9
453,60,-30.1875,-41.859375,"[60.0, -30.1875, -41.859375]",#00a2d9
454,60,-25.1875,-41.859375,"[60.0, -25.1875, -41.859375]",#00a0da
455,60,-20.1875,-41.859375,"[60.0, -20.1875, -41.859375]",#009eda
456,60,-15.1875,-41.859375,"[60.0, -15.1875, -41.859375]",#009cda
457,60,-10.1875,-41.859375,"[60.0, -10.1875, -41.859375]",#0f9ada
458,60,-5.1875,-41.859375,"[60.0, -5.1875, -41.859375]",#3a97da
459,60,-0.1875,-41.859375,"[60.0, -0.1875, -41.859375]",#5194da
460,60,4.8125,-41.859375,"[60.0, 4.8125, -41.859375]",#6292da
461,60,9.8125,-41.859375,"[60.0, 9.8125, -41.859375]",#708fda
462,60,14.8125,-41.859375,"[60.0, 14.8125, -41.859375]",#7d8cda
463,60,19.8125,-41.859375,"[60.0, 19.8125, -41.859375]",#8988da
464,60,24.8125,-41.859375,"[60.0, 24.8125, -41.859375]",#9485db
465,60,29.8125,-41.859375,"[60.0, 29.8125, -41.859375]",#9e81db
466,60,34.8125,-41.859375,"[60.0, 34.8125, -41.859375]",#a87ddb
467,60,39.8125,-41.859375,"[60.0, 39.8125, -41.859375]",#b179db
468,60,44.8125,-41.859375,"[60.0, 44.8125, -41.859375]",#ba74db
469,60,49.8125,-41.859375,"[60.0, 49.8125, -41.859375]",#c270db
470,60,54.8125,-41.859375,"[60.0, 54.8125, -41.859375]",#cb6adb
471,60,59.8125,-41.859375,"[60.0, 59.8125, -41.859375]",#d364db
472,60,64.8125,-41.859375,"[60.0, 64.8125, -41.859375]",#db5edb
473,60,69.8125,-41.859375,"[60.0, 69.8125, -41.859375]",#e257dc
474,60,74.8125,-41.859375,"[60.0, 74.8125, -41.859375]",#ea4edc
475,60,79.8125,-41.859375,"[60.0, 79.8125, -41.859375]",#f144dc
476,60,-85.1875,-36.859375,"[60.0, -85.1875, -36.859375]",#00b3d0
477,60,-80.1875,-36.859375,"[60.0, -80.1875, -36.859375]",#00b2d0
478,60,-75.1875,-36.859375,"[60.0, -75.1875, -36.859375]",#00b0d0
479,60,-70.1875,-36.859375,"[60.0, -70.1875, -36.859375]",#00afd0
480,60,-65.1875,-36.859375,"[60.0, -65.1875, -36.859375]",#00aed0
481,60,-60.1875,-36.859375,"[60.0, -60.1875, -36.859375]",#00acd0
482,60,-55.1875,-36.859375,"[60.0, -55.1875, -36.859375]",#00abd0
483,60,-50.1875,-36.859375,"[60.0, -50.1875, -36.859375]",#00a9d0
484,60,-45.1875,-36.859375,"[60.0, -45.1875, -36.859375]",#00a7d0
485,60,-40.1875,-36.859375,"[60.0, -40.1875, -36.859375]",#00a6d0
486,60,-35.1875,-36.859375,"[60.0, -35.1875, -36.859375]",#00a4d1
487,60,-30.1875,-36.859375,"[60.0, -30.1875, -36.859375]",#00a2d1
488,60,-25.1875,-36.859375,"[60.0, -25.1875, -36.859375]",#00a0d1
489,60,-20.1875,-36.859375,"[60.0, -20.1875, -36.859375]",#009ed1
490,60,-15.1875,-36.859375,"[60.0, -15.1875, -36.859375]",#009bd1
491,60,-10.1875,-36.859375,"[60.0, -10.1875, -36.859375]",#3499d1
492,60,-5.1875,-36.859375,"[60.0, -5.1875, -36.859375]",#4c97d1
493,60,-0.1875,-36.859375,"[60.0, -0.1875, -36.859375]",#5e94d1
494,60,4.8125,-36.859375,"[60.0, 4.8125, -36.859375]",#6d91d1
495,60,9.8125,-36.859375,"[60.0, 9.8125, -36.859375]",#7a8ed1
496,60,14.8125,-36.859375,"[60.0, 14.8125, -36.859375]",#858bd1
497,60,19.8125,-36.859375,"[60.0, 19.8125, -36.859375]",#9088d2
498,60,24.8125,-36.859375,"[60.0, 24.8125, -36.859375]",#9a84d2
499,60,29.8125,-36.859375,"[60.0, 29.8125, -36.859375]",#a481d2
500,60,34.8125,-36.859375,"[60.0, 34.8125, -36.859375]",#ad7dd2
501,60,39.8125,-36.859375,"[60.0, 39.8125, -36.859375]",#b678d2
502,60,44.8125,-36.859375,"[60.0, 44.8125, -36.859375]",#bf74d2
503,60,49.8125,-36.859375,"[60.0, 49.8125, -36.859375]",#c76fd2
504,60,54.8125,-36.859375,"[60.0, 54.8125, -36.859375]",#cf69d2
505,60,59.8125,-36.859375,"[60.0, 59.8125, -36.859375]",#d763d3
506,60,64.8125,-36.859375,"[60.0, 64.8125, -36.859375]",#df5dd3
507,60,69.8125,-36.859375,"[60.0, 69.8125, -36.859375]",#e655d3
508,60,74.8125,-36.859375,"[60.0, 74.8125, -36.859375]",#ee4dd3
509,60,79.8125,-36.859375,"[60.0, 79.8125, -36.859375]",#f543d3
510,60,-85.1875,-31.859375,"[60.0, -85.1875, -31.859375]",#00b2c7
511,60,-80.1875,-31.859375,"[60.0, -80.1875, -31.859375]",#00b1c7
512,60,-75.1875,-31.859375,"[60.0, -75.1875, -31.859375]",#00b0c7
513,60,-70.1875,-31.859375,"[60.0, -70.1875, -31.859375]",#00afc7
514,60,-65.1875,-31.859375,"[60.0, -65.1875, -31.859375]",#00adc7
515,60,-60.1875,-31.859375,"[60.0, -60.1875, -31.859375]",#00acc7
516,60,-55.1875,-31.859375,"[60.0, -55.1875, -31.859375]",#00aac7
517,60,-50.1875,-31.859375,"[60.0, -50.1875, -31.859375]",#00a9c7
518,60,-45.1875,-31.859375,"[60.0, -45.1875, -31.859375]",#00a7c7
519,60,-40.1875,-31.859375,"[60.0, -40.1875, -31.859375]",#00a5c8
520,60,-35.1875,-31.859375,"[60.0, -35.1875, -31.859375]",#00a3c8
521,60,-30.1875,-31.859375,"[60.0, -30.1875, -31.859375]",#00a1c8
522,60,-25.1875,-31.859375,"[60.0, -25.1875, -31.859375]",#009fc8
523,60,-20.1875,-31.859375,"[60.0, -20.1875, -31.859375]",#009dc8
524,60,-15.1875,-31.859375,"[60.0, -15.1875, -31.859375]",#2c9bc8
525,60,-10.1875,-31.859375,"[60.0, -10.1875, -31.859375]",#4799c8
526,60,-5.1875,-31.859375,"[60.0, -5.1875, -31.859375]",#5996c8
527,60,-0.1875,-31.859375,"[60.0, -0.1875, -31.859375]",#6893c8
528,60,4.8125,-31.859375,"[60.0, 4.8125, -31.859375]",#7591c8
529,60,9.8125,-31.859375,"[60.0, 9.8125, -31.859375]",#818ec8
530,60,14.8125,-31.859375,"[60.0, 14.8125, -31.859375]",#8c8bc9
531,60,19.8125,-31.859375,"[60.0, 19.8125, -31.859375]",#9787c9
532,60,24.8125,-31.859375,"[60.0, 24.8125, -31.859375]",#a084c9
533,60,29.8125,-31.859375,"[60.0, 29.8125, -31.859375]",#a980c9
534,60,34.8125,-31.859375,"[60.0, 34.8125, -31.859375]",#b27cc9
535,60,39.8125,-31.859375,"[60.0, 39.8125, -31.859375]",#bb78c9
536,60,44.8125,-31.859375,"[60.0, 44.8125, -31.859375]",#c373c9
537,60,49.8125,-31.859375,"[60.0, 49.8125, -31.859375]",#cb6ec9
538,60,54.8125,-31.859375,"[60.0, 54.8125, -31.859375]",#d369ca
539,60,59.8125,-31.859375,"[60.0, 59.8125, -31.859375]",#db63ca
540,60,64.8125,-31.859375,"[60.0, 64.8125, -31.859375]",#e25cca
541,60,69.8125,-31.859375,"[60.0, 69.8125, -31.859375]",#ea54ca
542,60,74.8125,-31.859375,"[60.0, 74.8125, -31.859375]",#f14cca
543,60,79.8125,-31.859375,"[60.0, 79.8125, -31.859375]",#f842ca
544,60,-85.1875,-26.859375,"[60.0, -85.1875, -26.859375]",#00b2be
545,60,-80.1875,-26.859375,"[60.0, -80.1875, -26.859375]",#00b1be
546,60,-75.1875,-26.859375,"[60.0, -75.1875, -26.859375]",#00afbe
547,60,-70.1875,-26.859375,"[60.0, -70.1875, -26.859375]",#00aebe
548,60,-65.1875,-26.859375,"[60.0, -65.1875, -26.859375]",#00adbe
549,60,-60.1875,-26.859375,"[60.0, -60.1875, -26.859375]",#00abbe
550,60,-55.1875,-26.859375,"[60.0, -55.1875, -26.859375]",#00aabe
551,60,-50.1875,-26.859375,"[60.0, -50.1875, -26.859375]",#00a8bf
552,60,-45.1875,-26.859375,"[60.0, -45.1875, -26.859375]",#00a7bf
553,60,-40.1875,-26.859375,"[60.0, -40.1875, -26.859375]",#00a5bf
554,60,-35.1875,-26.859375,"[60.0, -35.1875, -26.859375]",#00a3bf
555,60,-30.1875,-26.859375,"[60.0, -30.1875, -26.859375]",#00a1bf
556,60,-25.1875,-26.859375,"[60.0, -25.1875, -26.859375]",#009fbf
557,60,-20.1875,-26.859375,"[60.0, -20.1875, -26.859375]",#229dbf
558,60,-15.1875,-26.859375,"[60.0, -15.1875, -26.859375]",#409abf
559,60,-10.1875,-26.859375,"[60.0, -10.1875, -26.859375]",#5498bf
560,60,-5.1875,-26.859375,"[60.0, -5.1875, -26.859375]",#6496bf
561,60,-0.1875,-26.859375,"[60.0, -0.1875, -26.859375]",#7193bf
562,60,4.8125,-26.859375,"[60.0, 4.8125, -26.859375]",#7d90c0
563,60,9.8125,-26.859375,"[60.0, 9.8125, -26.859375]",#888dc0
564,60,14.8125,-26.859375,"[60.0, 14.8125, -26.859375]",#938ac0
565,60,19.8125,-26.859375,"[60.0, 19.8125, -26.859375]",#9c87c0
566,60,24.8125,-26.859375,"[60.0, 24.8125, -26.859375]",#a683c0
567,60,29.8125,-26.859375,"[60.0, 29.8125, -26.859375]",#ae7fc0
568,60,34.8125,-26.859375,"[60.0, 34.8125, -26.859375]",#b77bc0
569,60,39.8125,-26.859375,"[60.0, 39.8125, -26.859375]",#bf77c0
570,60,44.8125,-26.859375,"[60.0, 44.8125, -26.859375]",#c772c1
571,60,49.8125,-26.859375,"[60.0, 49.8125, -26.859375]",#cf6dc1
572,60,54.8125,-26.859375,"[60.0, 54.8125, -26.859375]",#d768c1
573,60,59.8125,-26.859375,"[60.0, 59.8125, -26.859375]",#de62c1
574,60,64.8125,-26.859375,"[60.0, 64.8125, -26.859375]",#e65bc1
575,60,69.8125,-26.859375,"[60.0, 69.8125, -26.859375]",#ed53c1
576,60,74.8125,-26.859375,"[60.0, 74.8125, -26.859375]",#f44bc2
577,60,79.8125,-26.859375,"[60.0, 79.8125, -26.859375]",#fb40c2
578,60,-85.1875,-21.859375,"[60.0, -85.1875, -21.859375]",#00b2b5
579,60,-80.1875,-21.859375,"[60.0, -80.1875, -21.859375]",#00b0b5
580,60,-75.1875,-21.859375,"[60.0, -75.1875, -21.859375]",#00afb5
581,60,-70.1875,-21.859375,"[60.0, -70.1875, -21.859375]",#00aeb5
582,60,-65.1875,-21.859375,"[60.0, -65.1875, -21.859375]",#00acb5
583,60,-60.1875,-21.859375,"[60.0, -60.1875, -21.859375]",#00abb6
584,60,-55.1875,-21.859375,"[60.0, -55.1875, -21.859375]",#00a9b6
585,60,-50.1875,-21.859375,"[60.0, -50.1875, -21.859375]",#00a8b6
586,60,-45.1875,-21.859375,"[60.0, -45.1875, -21.859375]",#00a6b6
587,60,-40.1875,-21.859375,"[60.0, -40.1875, -21.859375]",#00a4b6
588,60,-35.1875,-21.859375,"[60.0, -35.1875, -21.859375]",#00a2b6
589,60,-30.1875,-21.859375,"[60.0, -30.1875, -21.859375]",#00a0b6
590,60,-25.1875,-21.859375,"[60.0, -25.1875, -21.859375]",#139eb6
591,60,-20.1875,-21.859375,"[60.0, -20.1875, -21.859375]",#399cb6
592,60,-15.1875,-21.859375,"[60.0, -15.1875, -21.859375]",#4e9ab6
593,60,-10.1875,-21.859375,"[60.0, -10.1875, -21.859375]",#5e98b6
594,60,-5.1875,-21.859375,"[60.0, -5.1875, -21.859375]",#6c95b7
595,60,-0.1875,-21.859375,"[60.0, -0.1875, -21.859375]",#7992b7
596,60,4.8125,-21.859375,"[60.0, 4.8125, -21.859375]",#8490b7
597,60,9.8125,-21.859375,"[60.0, 9.8125, -21.859375]",#8e8db7
598,60,14.8125,-21.859375,"[60.0, 14.8125, -21.859375]",#9889b7
599,60,19.8125,-21.859375,"[60.0, 19.8125, -21.859375]",#a186b7
600,60,24.8125,-21.859375,"[60.0, 24.8125, -21.859375]",#aa83b7
601,60,29.8125,-21.859375,"[60.0, 29.8125, -21.859375]",#b37fb7
602,60,34.8125,-21.859375,"[60.0, 34.8125, -21.859375]",#bb7bb8
603,60,39.8125,-21.859375,"[60.0, 39.8125, -21.859375]",#c376b8
604,60,44.8125,-21.859375,"[60.0, 44.8125, -21.859375]",#cb72b8
605,60,49.8125,-21.859375,"[60.0, 49.8125, -21.859375]",#d36db8
606,60,54.8125,-21.859375,"[60.0, 54.8125, -21.859375]",#da67b8
607,60,59.8125,-21.859375,"[60.0, 59.8125, -21.859375]",#e261b8
608,60,64.8125,-21.859375,"[60.0, 64.8125, -21.859375]",#e95ab9
609,60,69.8125,-21.859375,"[60.0, 69.8125, -21.859375]",#f052b9
610,60,74.8125,-21.859375,"[60.0, 74.8125, -21.859375]",#f74ab9
611,60,79.8125,-21.859375,"[60.0, 79.8125, -21.859375]",#fe3fb9
612,60,-85.1875,-16.859375,"[60.0, -85.1875, -16.859375]",#00b1ac
613,60,-80.1875,-16.859375,"[60.0, -80.1875, -16.859375]",#00b0ac
614,60,-75.1875,-16.859375,"[60.0, -75.1875, -16.859375]",#00afac
615,60,-70.1875,-16.859375,"[60.0, -70.1875, -16.859375]",#00adad
616,60,-65.1875,-16.859375,"[60.0, -65.1875, -16.859375]",#00acad
617,60,-60.1875,-16.859375,"[60.0, -60.1875, -16.859375]",#00abad
618,60,-55.1875,-16.859375,"[60.0, -55.1875, -16.859375]",#00a9ad
619,60,-50.1875,-16.859375,"[60.0, -50.1875, -16.859375]",#00a7ad
620,60,-45.1875,-16.859375,"[60.0, -45.1875, -16.859375]",#00a6ad
621,60,-40.1875,-16.859375,"[60.0, -40.1875, -16.859375]",#00a4ad
622,60,-35.1875,-16.859375,"[60.0, -35.1875, -16.859375]",#00a2ad
623,60,-30.1875,-16.859375,"[60.0, -30.1875, -16.859375]",#00a0ad
624,60,-25.1875,-16.859375,"[60.0, -25.1875, -16.859375]",#309ead
625,60,-20.1875,-16.859375,"[60.0, -20.1875, -16.859375]",#489cad
626,60,-15.1875,-16.859375,"[60.0, -15.1875, -16.859375]",#599aae
627,60,-10.1875,-16.859375,"[60.0, -10.1875, -16.859375]",#6797ae
628,60,-5.1875,-16.859375,"[60.0, -5.1875, -16.859375]",#7495ae
629,60,-0.1875,-16.859375,"[60.0, -0.1875, -16.859375]",#7f92ae
630,60,4.8125,-16.859375,"[60.0, 4.8125, -16.859375]",#8a8fae
631,60,9.8125,-16.859375,"[60.0, 9.8125, -16.859375]",#948cae
632,60,14.8125,-16.859375,"[60.0, 14.8125, -16.859375]",#9d89ae
633,60,19.8125,-16.859375,"[60.0, 19.8125, -16.859375]",#a686ae
634,60,24.8125,-16.859375,"[60.0, 24.8125, -16.859375]",#af82af
635,60,29.8125,-16.859375,"[60.0, 29.8125, -16.859375]",#b77eaf
636,60,34.8125,-16.859375,"[60.0, 34.8125, -16.859375]",#bf7aaf
637,60,39.8125,-16.859375,"[60.0, 39.8125, -16.859375]",#c776af
638,60,44.8125,-16.859375,"[60.0, 44.8125, -16.859375]",#cf71af
639,60,49.8125,-16.859375,"[60.0, 49.8125, -16.859375]",#d66caf
640,60,54.8125,-16.859375,"[60.0, 54.8125, -16.859375]",#dd66b0
641,60,59.8125,-16.859375,"[60.0, 59.8125, -16.859375]",#e560b0
642,60,64.8125,-16.859375,"[60.0, 64.8125, -16.859375]",#ec59b0
643,60,69.8125,-16.859375,"[60.0, 69.8125, -16.859375]",#f352b0
644,60,74.8125,-16.859375,"[60.0, 74.8125, -16.859375]",#fa48b0
645,60,79.8125,-16.859375,"[60.0, 79.8125, -16.859375]",#ff3eb0
646,60,-85.1875,-11.859375,"[60.0, -85.1875, -11.859375]",#00b1a3
647,60,-80.1875,-11.859375,"[60.0, -80.1875, -11.859375]",#00b0a4
648,60,-75.1875,-11.859375,"[60.0, -75.1875, -11.859375]",#00aea4
649,60,-70.1875,-11.859375,"[60.0, -70.1875, -11.859375]",#00ada4
650,60,-65.1875,-11.859375,"[60.0, -65.1875, -11.859375]",#00aca4
651,60,-60.1875,-11.859375,"[60.0, -60.1875, -11.859375]",#00aaa4
652,60,-55.1875,-11.859375,"[60.0, -55.1875, -11.859375]",#00a9a4
653,60,-50.1875,-11.859375,"[60.0, -50.1875, -11.859375]",#00a7a4
654,60,-45.1875,-11.859375,"[60.0, -45.1875, -11.859375]",#00a5a4
655,60,-40.1875,-11.859375,"[60.0, -40.1875, -11.859375]",#00a4a4
656,60,-35.1875,-11.859375,"[60.0, -35.1875, -11.859375]",#00a2a4
657,60,-30.1875,-11.859375,"[60.0, -30.1875, -11.859375]",#24a0a4
658,60,-25.1875,-11.859375,"[60.0, -25.1875, -11.859375]",#409ea5
659,60,-20.1875,-11.859375,"[60.0, -20.1875, -11.859375]",#539ba5
660,60,-15.1875,-11.859375,"[60.0, -15.1875, -11.859375]",#6299a5
661,60,-10.1875,-11.859375,"[60.0, -10.1875, -11.859375]",#6f97a5
662,60,-5.1875,-11.859375,"[60.0, -5.1875, -11.859375]",#7a94a5
663,60,-0.1875,-11.859375,"[60.0, -0.1875, -11.859375]",#8592a5
664,60,4.8125,-11.859375,"[60.0, 4.8125, -11.859375]",#8f8fa5
665,60,9.8125,-11.859375,"[60.0, 9.8125, -11.859375]",#988ca5
666,60,14.8125,-11.859375,"[60.0, 14.8125, -11.859375]",#a189a6
667,60,19.8125,-11.859375,"[60.0, 19.8125, -11.859375]",#aa85a6
668,60,24.8125,-11.859375,"[60.0, 24.8125, -11.859375]",#b382a6
669,60,29.8125,-11.859375,"[60.0, 29.8125, -11.859375]",#bb7ea6
670,60,34.8125,-11.859375,"[60.0, 34.8125, -11.859375]",#c27aa6
671,60,39.8125,-11.859375,"[60.0, 39.8125, -11.859375]",#ca75a6
672,60,44.8125,-11.859375,"[60.0, 44.8125, -11.859375]",#d270a7
673,60,49.8125,-11.859375,"[60.0, 49.8125, -11.859375]",#d96ba7
674,60,54.8125,-11.859375,"[60.0, 54.8125, -11.859375]",#e066a7
675,60,59.8125,-11.859375,"[60.0, 59.8125, -11.859375]",#e75fa7
676,60,64.8125,-11.859375,"[60.0, 64.8125, -11.859375]",#ee59a7
677,60,69.8125,-11.859375,"[60.0, 69.8125, -11.859375]",#f551a8
678,60,74.8125,-11.859375,"[60.0, 74.8125, -11.859375]",#fc47a8
679,60,79.8125,-11.859375,"[60.0, 79.8125, -11.859375]",#ff3ca8
680,60,-85.1875,-6.859375,"[60.0, -85.1875, -6.859375]",#00b19b
681,60,-80.1875,-6.859375,"[60.0, -80.1875, -6.859375]",#00af9b
682,60,-75.1875,-6.859375,"[60.0, -75.1875, -6.859375]",#00ae9b
683,60,-70.1875,-6.859375,"[60.0, -70.1875, -6.859375]",#00ad9b
684,60,-65.1875,-6.859375,"[60.0, -65.1875, -6.859375]",#00ab9b
685,60,-60.1875,-6.859375,"[60.0, -60.1875, -6.859375]",#00aa9b
686,60,-55.1875,-6.859375,"[60.0, -55.1875, -6.859375]",#00a89b
687,60,-50.1875,-6.859375,"[60.0, -50.1875, -6.859375]",#00a79b
688,60,-45.1875,-6.859375,"[60.0, -45.1875, -6.859375]",#00a59b
689,60,-40.1875,-6.859375,"[60.0, -40.1875, -6.859375]",#00a39b
690,60,-35.1875,-6.859375,"[60.0, -35.1875, -6.859375]",#11a19c
691,60,-30.1875,-6.859375,"[60.0, -30.1875, -6.859375]",#379f9c
692,60,-25.1875,-6.859375,"[60.0, -25.1875, -6.859375]",#4b9d9c
693,60,-20.1875,-6.859375,"[60.0, -20.1875, -6.859375]",#5b9b9c
694,60,-15.1875,-6.859375,"[60.0, -15.1875, -6.859375]",#69999c
695,60,-10.1875,-6.859375,"[60.0, -10.1875, -6.859375]",#75969c
696,60,-5.1875,-6.859375,"[60.0, -5.1875, -6.859375]",#80949c
697,60,-0.1875,-6.859375,"[60.0, -0.1875, -6.859375]",#8a919c
698,60,4.8125,-6.859375,"[60.0, 4.8125, -6.859375]",#948e9d
699,60,9.8125,-6.859375,"[60.0, 9.8125, -6.859375]",#9d8b9d
700,60,14.8125,-6.859375,"[60.0, 14.8125, -6.859375]",#a6889d
701,60,19.8125,-6.859375,"[60.0, 19.8125, -6.859375]",#ae859d
702,60,24.8125,-6.859375,"[60.0, 24.8125, -6.859375]",#b6819d
703,60,29.8125,-6.859375,"[60.0, 29.8125, -6.859375]",#be7d9d
704,60,34.8125,-6.859375,"[60.0, 34.8125, -6.859375]",#c6799e
705,60,39.8125,-6.859375,"[60.0, 39.8125, -6.859375]",#cd759e
706,60,44.8125,-6.859375,"[60.0, 44.8125, -6.859375]",#d5709e
707,60,49.8125,-6.859375,"[60.0, 49.8125, -6.859375]",#dc6b9e
708,60,54.8125,-6.859375,"[60.0, 54.8125, -6.859375]",#e3659e
709,60,59.8125,-6.859375,"[60.0, 59.8125, -6.859375]",#ea5f9f
710,60,64.8125,-6.859375,"[60.0, 64.8125, -6.859375]",#f1589f
711,60,69.8125,-6.859375,"[60.0, 69.8125, -6.859375]",#f8509f
712,60,74.8125,-6.859375,"[60.0, 74.8125, -6.859375]",#fe479f
713,60,79.8125,-6.859375,"[60.0, 79.8125, -6.859375]",#ff3b9f
714,60,-85.1875,-1.859375,"[60.0, -85.1875, -1.859375]",#00b092
715,60,-80.1875,-1.859375,"[60.0, -80.1875, -1.859375]",#00af92
716,60,-75.1875,-1.859375,"[60.0, -75.1875, -1.859375]",#00ae92
717,60,-70.1875,-1.859375,"[60.0, -70.1875, -1.859375]",#00ac92
718,60,-65.1875,-1.859375,"[60.0, -65.1875, -1.859375]",#00ab92
719,60,-60.1875,-1.859375,"[60.0, -60.1875, -1.859375]",#00aa92
720,60,-55.1875,-1.859375,"[60.0, -55.1875, -1.859375]",#00a892
721,60,-50.1875,-1.859375,"[60.0, -50.1875, -1.859375]",#00a692
722,60,-45.1875,-1.859375,"[60.0, -45.1875, -1.859375]",#00a593
723,60,-40.1875,-1.859375,"[60.0, -40.1875, -1.859375]",#00a393
724,60,-35.1875,-1.859375,"[60.0, -35.1875, -1.859375]",#2ba193
725,60,-30.1875,-1.859375,"[60.0, -30.1875, -1.859375]",#439f93
726,60,-25.1875,-1.859375,"[60.0, -25.1875, -1.859375]",#559d93
727,60,-20.1875,-1.859375,"[60.0, -20.1875, -1.859375]",#639b93
728,60,-15.1875,-1.859375,"[60.0, -15.1875, -1.859375]",#6f9893
729,60,-10.1875,-1.859375,"[60.0, -10.1875, -1.859375]",#7a9693
730,60,-5.1875,-1.859375,"[60.0, -5.1875, -1.859375]",#859394
731,60,-0.1875,-1.859375,"[60.0, -0.1875, -1.859375]",#8f9194
732,60,4.8125,-1.859375,"[60.0, 4.8125, -1.859375]",#988e94
733,60,9.8125,-1.859375,"[60.0, 9.8125, -1.859375]",#a18b94
734,60,14.8125,-1.859375,"[60.0, 14.8125, -1.859375]",#a98894
735,60,19.8125,-1.859375,"[60.0, 19.8125, -1.859375]",#b18494
736,60,24.8125,-1.859375,"[60.0, 24.8125, -1.859375]",#b98195
737,60,29.8125,-1.859375,"[60.0, 29.8125, -1.859375]",#c17d95
738,60,34.8125,-1.859375,"[60.0, 34.8125, -1.859375]",#c97995
739,60,39.8125,-1.859375,"[60.0, 39.8125, -1.859375]",#d07495
740,60,44.8125,-1.859375,"[60.0, 44.8125, -1.859375]",#d76f95
741,60,49.8125,-1.859375,"[60.0, 49.8125, -1.859375]",#de6a96
742,60,54.8125,-1.859375,"[60.0, 54.8125, -1.859375]",#e56496
743,60,59.8125,-1.859375,"[60.0, 59.8125, -1.859375]",#ec5e96
744,60,64.8125,-1.859375,"[60.0, 64.8125, -1.859375]",#f35796
745,60,69.8125,-1.859375,"[60.0, 69.8125, -1.859375]",#fa4f96
746,60,74.8125,-1.859375,"[60.0, 74.8125, -1.859375]",#ff4697
747,60,79.8125,-1.859375,"[60.0, 79.8125, -1.859375]",#ff3a97
748,60,-85.1875,3.140625,"[60.0, -85.1875, 3.140625]",#00b089
749,60,-80.1875,3.140625,"[60.0, -80.1875, 3.140625]",#00af89
750,60,-75.1875,3.140625,"[60.0, -75.1875, 3.140625]",#00ae89
751,60,-70.1875,3.140625,"[60.0, -70.1875, 3.140625]",#00ac89
752,60,-65.1875,3.140625,"[60.0, -65.1875, 3.140625]",#00ab89
753,60,-60.1875,3.140625,"[60.0, -60.1875, 3.140625]",#00a989
754,60,-55.1875,3.140625,"[60.0, -55.1875, 3.140625]",#00a88a
755,60,-50.1875,3.140625,"[60.0, -50.1875, 3.140625]",#00a68a
756,60,-45.1875,3.140625,"[60.0, -45.1875, 3.140625]",#00a48a
757,60,-40.1875,3.140625,"[60.0, -40.1875, 3.140625]",#1ba38a
758,60,-35.1875,3.140625,"[60.0, -35.1875, 3.140625]",#3aa18a
759,60,-30.1875,3.140625,"[60.0, -30.1875, 3.140625]",#4d9f8a
760,60,-25.1875,3.140625,"[60.0, -25.1875, 3.140625]",#5c9d8a
761,60,-20.1875,3.140625,"[60.0, -20.1875, 3.140625]",#699a8a
762,60,-15.1875,3.140625,"[60.0, -15.1875, 3.140625]",#75988b
763,60,-10.1875,3.140625,"[60.0, -10.1875, 3.140625]",#7f968b
764,60,-5.1875,3.140625,"[60.0, -5.1875, 3.140625]",#89938b
765,60,-0.1875,3.140625,"[60.0, -0.1875, 3.140625]",#93908b
766,60,4.8125,3.140625,"[60.0, 4.8125, 3.140625]",#9c8e8b
767,60,9.8125,3.140625,"[60.0, 9.8125, 3.140625]",#a48b8b
768,60,14.8125,3.140625,"[60.0, 14.8125, 3.140625]",#ac878c
769,60,19.8125,3.140625,"[60.0, 19.8125, 3.140625]",#b4848c
770,60,24.8125,3.140625,"[60.0, 24.8125, 3.140625]",#bc808c
771,60,29.8125,3.140625,"[60.0, 29.8125, 3.140625]",#c47c8c
772,60,34.8125,3.140625,"[60.0, 34.8125, 3.140625]",#cb788c
773,60,39.8125,3.140625,"[60.0, 39.8125, 3.140625]",#d2748d
774,60,44.8125,3.140625,"[60.0, 44.8125, 3.140625]",#da6f8d
775,60,49.8125,3.140625,"[60.0, 49.8125, 3.140625]",#e16a8d
776,60,54.8125,3.140625,"[60.0, 54.8125, 3.140625]",#e8648d
777,60,59.8125,3.140625,"[60.0, 59.8125, 3.140625]",#ee5e8d
778,60,64.8125,3.140625,"[60.0, 64.8125, 3.140625]",#f5568e
779,60,69.8125,3.140625,"[60.0, 69.8125, 3.140625]",#fc4e8e
780,60,74.8125,3.140625,"[60.0, 74.8125, 3.140625]",#ff458e
781,60,79.8125,3.140625,"[60.0, 79.8125, 3.140625]",#ff398e
782,60,-85.1875,8.140625,"[60.0, -85.1875, 8.140625]",#00b080
783,60,-80.1875,8.140625,"[60.0, -80.1875, 8.140625]",#00af80
784,60,-75.1875,8.140625,"[60.0, -75.1875, 8.140625]",#00ad80
785,60,-70.1875,8.140625,"[60.0, -70.1875, 8.140625]",#00ac80
786,60,-65.1875,8.140625,"[60.0, -65.1875, 8.140625]",#00ab80
787,60,-60.1875,8.140625,"[60.0, -60.1875, 8.140625]",#00a981
788,60,-55.1875,8.140625,"[60.0, -55.1875, 8.140625]",#00a881
789,60,-50.1875,8.140625,"[60.0, -50.1875, 8.140625]",#00a681
790,60,-45.1875,8.140625,"[60.0, -45.1875, 8.140625]",#00a481
791,60,-40.1875,8.140625,"[60.0, -40.1875, 8.140625]",#2da281
792,60,-35.1875,8.140625,"[60.0, -35.1875, 8.140625]",#44a081
793,60,-30.1875,8.140625,"[60.0, -30.1875, 8.140625]",#559e81
794,60,-25.1875,8.140625,"[60.0, -25.1875, 8.140625]",#629c82
795,60,-20.1875,8.140625,"[60.0, -20.1875, 8.140625]",#6f9a82
796,60,-15.1875,8.140625,"[60.0, -15.1875, 8.140625]",#7a9882
797,60,-10.1875,8.140625,"[60.0, -10.1875, 8.140625]",#849582
798,60,-5.1875,8.140625,"[60.0, -5.1875, 8.140625]",#8d9382
799,60,-0.1875,8.140625,"[60.0, -0.1875, 8.140625]",#969082
800,60,4.8125,8.140625,"[60.0, 4.8125, 8.140625]",#9f8d83
801,60,9.8125,8.140625,"[60.0, 9.8125, 8.140625]",#a78a83
802,60,14.8125,8.140625,"[60.0, 14.8125, 8.140625]",#af8783
803,60,19.8125,8.140625,"[60.0, 19.8125, 8.140625]",#b78483
804,60,24.8125,8.140625,"[60.0, 24.8125, 8.140625]",#bf8083
805,60,29.8125,8.140625,"[60.0, 29.8125, 8.140625]",#c67c84
806,60,34.8125,8.140625,"[60.0, 34.8125, 8.140625]",#ce7884
807,60,39.8125,8.140625,"[60.0, 39.8125, 8.140625]",#d57384
808,60,44.8125,8.140625,"[60.0, 44.8125, 8.140625]",#dc6f84
809,60,49.8125,8.140625,"[60.0, 49.8125, 8.140625]",#e36984
810,60,54.8125,8.140625,"[60.0, 54.8125, 8.140625]",#ea6385
811,60,59.8125,8.140625,"[60.0, 59.8125, 8.140625]",#f05d85
812,60,64.8125,8.140625,"[60.0, 64.8125, 8.140625]",#f75685
813,60,69.8125,8.140625,"[60.0, 69.8125, 8.140625]",#fe4e85
814,60,74.8125,8.140625,"[60.0, 74.8125, 8.140625]",#ff4486
815,60,79.8125,8.140625,"[60.0, 79.8125, 8.140625]",#ff3886
816,60,-85.1875,13.140625,"[60.0, -85.1875, 13.140625]",#00b077
817,60,-80.1875,13.140625,"[60.0, -80.1875, 13.140625]",#00ae77
818,60,-75.1875,13.140625,"[60.0, -75.1875, 13.140625]",#00ad77
819,60,-70.1875,13.140625,"[60.0, -70.1875, 13.140625]",#00ac77
820,60,-65.1875,13.140625,"[60.0, -65.1875, 13.140625]",#00aa77
821,60,-60.1875,13.140625,"[60.0, -60.1875, 13.140625]",#00a978
822,60,-55.1875,13.140625,"[60.0, -55.1875, 13.140625]",#00a778
823,60,-50.1875,13.140625,"[60.0, -50.1875, 13.140625]",#00a678
824,60,-45.1875,13.140625,"[60.0, -45.1875, 13.140625]",#1ca478
825,60,-40.1875,13.140625,"[60.0, -40.1875, 13.140625]",#39a278
826,60,-35.1875,13.140625,"[60.0, -35.1875, 13.140625]",#4ca078
827,60,-30.1875,13.140625,"[60.0, -30.1875, 13.140625]",#5b9e79
828,60,-25.1875,13.140625,"[60.0, -25.1875, 13.140625]",#689c79
829,60,-20.1875,13.140625,"[60.0, -20.1875, 13.140625]",#739a79
830,60,-15.1875,13.140625,"[60.0, -15.1875, 13.140625]",#7e9879
831,60,-10.1875,13.140625,"[60.0, -10.1875, 13.140625]",#889579
832,60,-5.1875,13.140625,"[60.0, -5.1875, 13.140625]",#919379
833,60,-0.1875,13.140625,"[60.0, -0.1875, 13.140625]",#9a907a
834,60,4.8125,13.140625,"[60.0, 4.8125, 13.140625]",#a28d7a
835,60,9.8125,13.140625,"[60.0, 9.8125, 13.140625]",#aa8a7a
836,60,14.8125,13.140625,"[60.0, 14.8125, 13.140625]",#b2877a
837,60,19.8125,13.140625,"[60.0, 19.8125, 13.140625]",#ba837a
838,60,24.8125,13.140625,"[60.0, 24.8125, 13.140625]",#c1807b
839,60,29.8125,13.140625,"[60.0, 29.8125, 13.140625]",#c97c7b
840,60,34.8125,13.140625,"[60.0, 34.8125, 13.140625]",#d0777b
841,60,39.8125,13.140625,"[60.0, 39.8125, 13.140625]",#d7737b
842,60,44.8125,13.140625,"[60.0, 44.8125, 13.140625]",#de6e7c
843,60,49.8125,13.140625,"[60.0, 49.8125, 13.140625]",#e5697c
844,60,54.8125,13.140625,"[60.0, 54.8125, 13.140625]",#eb637c
845,60,59.8125,13.140625,"[60.0, 59.8125, 13.140625]",#f25d7c
846,60,64.8125,13.140625,"[60.0, 64.8125, 13.140625]",#f9557d
847,60,69.8125,13.140625,"[60.0, 69.8125, 13.140625]",#ff4d7d
848,60,74.8125,13.140625,"[60.0, 74.8125, 13.140625]",#ff437d
849,60,79.8125,13.140625,"[60.0, 79.8125, 13.140625]",#ff377e
850,60,-85.1875,18.140625,"[60.0, -85.1875, 18.140625]",#00af6e
851,60,-80.1875,18.140625,"[60.0, -80.1875, 18.140625]",#00ae6e
852,60,-75.1875,18.140625,"[60.0, -75.1875, 18.140625]",#00ad6e
853,60,-70.1875,18.140625,"[60.0, -70.1875, 18.140625]",#00ac6e
854,60,-65.1875,18.140625,"[60.0, -65.1875, 18.140625]",#00aa6e
855,60,-60.1875,18.140625,"[60.0, -60.1875, 18.140625]",#00a96f
856,60,-55.1875,18.140625,"[60.0, -55.1875, 18.140625]",#00a76f
857,60,-50.1875,18.140625,"[60.0, -50.1875, 18.140625]",#00a56f
858,60,-45.1875,18.140625,"[60.0, -45.1875, 18.140625]",#2ca46f
859,60,-40.1875,18.140625,"[60.0, -40.1875, 18.140625]",#42a26f
860,60,-35.1875,18.140625,"[60.0, -35.1875, 18.140625]",#53a06f
861,60,-30.1875,18.140625,"[60.0, -30.1875, 18.140625]",#609e70
862,60,-25.1875,18.140625,"[60.0, -25.1875, 18.140625]",#6c9c70
863,60,-20.1875,18.140625,"[60.0, -20.1875, 18.140625]",#779a70
864,60,-15.1875,18.140625,"[60.0, -15.1875, 18.140625]",#819770
865,60,-10.1875,18.140625,"[60.0, -10.1875, 18.140625]",#8b9570
866,60,-5.1875,18.140625,"[60.0, -5.1875, 18.140625]",#949271
867,60,-0.1875,18.140625,"[60.0, -0.1875, 18.140625]",#9c9071
868,60,4.8125,18.140625,"[60.0, 4.8125, 18.140625]",#a58d71
869,60,9.8125,18.140625,"[60.0, 9.8125, 18.140625]",#ad8a71
870,60,14.8125,18.140625,"[60.0, 14.8125, 18.140625]",#b48671
871,60,19.8125,18.140625,"[60.0, 19.8125, 18.140625]",#bc8372
872,60,24.8125,18.140625,"[60.0, 24.8125, 18.140625]",#c37f72
873,60,29.8125,18.140625,"[60.0, 29.8125, 18.140625]",#cb7b72
874,60,34.8125,18.140625,"[60.0, 34.8125, 18.140625]",#d27772
875,60,39.8125,18.140625,"[60.0, 39.8125, 18.140625]",#d97373
876,60,44.8125,18.140625,"[60.0, 44.8125, 18.140625]",#e06e73
877,60,49.8125,18.140625,"[60.0, 49.8125, 18.140625]",#e66873
878,60,54.8125,18.140625,"[60.0, 54.8125, 18.140625]",#ed6374
879,60,59.8125,18.140625,"[60.0, 59.8125, 18.140625]",#f45c74
880,60,64.8125,18.140625,"[60.0, 64.8125, 18.140625]",#fa5574
881,60,69.8125,18.140625,"[60.0, 69.8125, 18.140625]",#ff4c74
882,60,74.8125,18.140625,"[60.0, 74.8125, 18.140625]",#ff4375
883,60,79.8125,18.140625,"[60.0, 79.8125, 18.140625]",#ff3675
884,60,-85.1875,23.140625,"[60.0, -85.1875, 23.140625]",#00af65
885,60,-80.1875,23.140625,"[60.0, -80.1875, 23.140625]",#00ae65
886,60,-75.1875,23.140625,"[60.0, -75.1875, 23.140625]",#00ad65
887,60,-70.1875,23.140625,"[60.0, -70.1875, 23.140625]",#00ab65
888,60,-65.1875,23.140625,"[60.0, -65.1875, 23.140625]",#00aa65
889,60,-60.1875,23.140625,"[60.0, -60.1875, 23.140625]",#00a865
890,60,-55.1875,23.140625,"[60.0, -55.1875, 23.140625]",#00a766
891,60,-50.1875,23.140625,"[60.0, -50.1875, 23.140625]",#17a566
892,60,-45.1875,23.140625,"[60.0, -45.1875, 23.140625]",#36a366
893,60,-40.1875,23.140625,"[60.0, -40.1875, 23.140625]",#49a266
894,60,-35.1875,23.140625,"[60.0, -35.1875, 23.140625]",#58a066
895,60,-30.1875,23.140625,"[60.0, -30.1875, 23.140625]",#659e67
896,60,-25.1875,23.140625,"[60.0, -25.1875, 23.140625]",#719c67
897,60,-20.1875,23.140625,"[60.0, -20.1875, 23.140625]",#7b9967
898,60,-15.1875,23.140625,"[60.0, -15.1875, 23.140625]",#859767
899,60,-10.1875,23.140625,"[60.0, -10.1875, 23.140625]",#8e9567
900,60,-5.1875,23.140625,"[60.0, -5.1875, 23.140625]",#979268
901,60,-0.1875,23.140625,"[60.0, -0.1875, 23.140625]",#9f8f68
902,60,4.8125,23.140625,"[60.0, 4.8125, 23.140625]",#a78c68
903,60,9.8125,23.140625,"[60.0, 9.8125, 23.140625]",#af8968
904,60,14.8125,23.140625,"[60.0, 14.8125, 23.140625]",#b78669
905,60,19.8125,23.140625,"[60.0, 19.8125, 23.140625]",#be8369
906,60,24.8125,23.140625,"[60.0, 24.8125, 23.140625]",#c57f69
907,60,29.8125,23.140625,"[60.0, 29.8125, 23.140625]",#cd7b69
908,60,34.8125,23.140625,"[60.0, 34.8125, 23.140625]",#d4776a
909,60,39.8125,23.140625,"[60.0, 39.8125, 23.140625]",#da726a
910,60,44.8125,23.140625,"[60.0, 44.8125, 23.140625]",#e16d6a
911,60,49.8125,23.140625,"[60.0, 49.8125, 23.140625]",#e8686b
912,60,54.8125,23.140625,"[60.0, 54.8125, 23.140625]",#ef626b
913,60,59.8125,23.140625,"[60.0, 59.8125, 23.140625]",#f55c6b
914,60,64.8125,23.140625,"[60.0, 64.8125, 23.140625]",#fc546c
915,60,69.8125,23.140625,"[60.0, 69.8125, 23.140625]",#ff4c6c
916,60,74.8125,23.140625,"[60.0, 74.8125, 23.140625]",#ff426c
917,60,79.8125,23.140625,"[60.0, 79.8125, 23.140625]",#ff366d
918,60,-85.1875,28.140625,"[60.0, -85.1875, 28.140625]",#00af5b
919,60,-80.1875,28.140625,"[60.0, -80.1875, 28.140625]",#00ae5b
920,60,-75.1875,28.140625,"[60.0, -75.1875, 28.140625]",#00ad5c
921,60,-70.1875,28.140625,"[60.0, -70.1875, 28.140625]",#00ab5c
922,60,-65.1875,28.140625,"[60.0, -65.1875, 28.140625]",#00aa5c
923,60,-60.1875,28.140625,"[60.0, -60.1875, 28.140625]",#00a85c
924,60,-55.1875,28.140625,"[60.0, -55.1875, 28.140625]",#00a75c
925,60,-50.1875,28.140625,"[60.0, -50.1875, 28.140625]",#26a55d
926,60,-45.1875,28.140625,"[60.0, -45.1875, 28.140625]",#3ea35d
927,60,-40.1875,28.140625,"[60.0, -40.1875, 28.140625]",#4fa15d
928,60,-35.1875,28.140625,"[60.0, -35.1875, 28.140625]",#5da05d
929,60,-30.1875,28.140625,"[60.0, -30.1875, 28.140625]",#699e5d
930,60,-25.1875,28.140625,"[60.0, -25.1875, 28.140625]",#749b5e
931,60,-20.1875,28.140625,"[60.0, -20.1875, 28.140625]",#7e995e
932,60,-15.1875,28.140625,"[60.0, -15.1875, 28.140625]",#88975e
933,60,-10.1875,28.140625,"[60.0, -10.1875, 28.140625]",#91945e
934,60,-5.1875,28.140625,"[60.0, -5.1875, 28.140625]",#99925f
935,60,-0.1875,28.140625,"[60.0, -0.1875, 28.140625]",#a18f5f
936,60,4.8125,28.140625,"[60.0, 4.8125, 28.140625]",#a98c5f
937,60,9.8125,28.140625,"[60.0, 9.8125, 28.140625]",#b1895f
938,60,14.8125,28.140625,"[60.0, 14.8125, 28.140625]",#b98660
939,60,19.8125,28.140625,"[60.0, 19.8125, 28.140625]",#c08260
940,60,24.8125,28.140625,"[60.0, 24.8125, 28.140625]",#c77f60
941,60,29.8125,28.140625,"[60.0, 29.8125, 28.140625]",#ce7b61
942,60,34.8125,28.140625,"[60.0, 34.8125, 28.140625]",#d57761
943,60,39.8125,28.140625,"[60.0, 39.8125, 28.140625]",#dc7261
944,60,44.8125,28.140625,"[60.0, 44.8125, 28.140625]",#e36d62
945,60,49.8125,28.140625,"[60.0, 49.8125, 28.140625]",#e96862
946,60,54.8125,28.140625,"[60.0, 54.8125, 28.140625]",#f06262
947,60,59.8125,28.140625,"[60.0, 59.8125, 28.140625]",#f75b63
948,60,64.8125,28.140625,"[60.0, 64.8125, 28.140625]",#fd5463
949,60,69.8125,28.140625,"[60.0, 69.8125, 28.140625]",#ff4b63
950,60,74.8125,28.140625,"[60.0, 74.8125, 28.140625]",#ff4164
951,60,79.8125,28.140625,"[60.0, 79.8125, 28.140625]",#ff3564
952,60,-85.1875,33.140625,"[60.0, -85.1875, 33.140625]",#00af52
953,60,-80.1875,33.140625,"[60.0, -80.1875, 33.140625]",#00ae52
954,60,-75.1875,33.140625,"[60.0, -75.1875, 33.140625]",#00ac52
955,60,-70.1875,33.140625,"[60.0, -70.1875, 33.140625]",#00ab52
956,60,-65.1875,33.140625,"[60.0, -65.1875, 33.140625]",#00aa52
957,60,-60.1875,33.140625,"[60.0, -60.1875, 33.140625]",#00a853
958,60,-55.1875,33.140625,"[60.0, -55.1875, 33.140625]",#07a753
959,60,-50.1875,33.140625,"[60.0, -50.1875, 33.140625]",#30a553
960,60,-45.1875,33.140625,"[60.0, -45.1875, 33.140625]",#45a353
961,60,-40.1875,33.140625,"[60.0, -40.1875, 33.140625]",#54a154
962,60,-35.1875,33.140625,"[60.0, -35.1875, 33.140625]",#619f54
963,60,-30.1875,33.140625,"[60.0, -30.1875, 33.140625]",#6d9d54
964,60,-25.1875,33.140625,"[60.0, -25.1875, 33.140625]",#779b54
965,60,-20.1875,33.140625,"[60.0, -20.1875, 33.140625]",#819955
966,60,-15.1875,33.140625,"[60.0, -15.1875, 33.140625]",#8a9755
967,60,-10.1875,33.140625,"[60.0, -10.1875, 33.140625]",#939455
968,60,-5.1875,33.140625,"[60.0, -5.1875, 33.140625]",#9b9255
969,60,-0.1875,33.140625,"[60.0, -0.1875, 33.140625]",#a48f56
970,60,4.8125,33.140625,"[60.0, 4.8125, 33.140625]",#ab8c56
971,60,9.8125,33.140625,"[60.0, 9.8125, 33.140625]",#b38956
972,60,14.8125,33.140625,"[60.0, 14.8125, 33.140625]",#ba8657
973,60,19.8125,33.140625,"[60.0, 19.8125, 33.140625]",#c28257
974,60,24.8125,33.140625,"[60.0, 24.8125, 33.140625]",#c97e57
975,60,29.8125,33.140625,"[60.0, 29.8125, 33.140625]",#d07b58
976,60,34.8125,33.140625,"[60.0, 34.8125, 33.140625]",#d77658
977,60,39.8125,33.140625,"[60.0, 39.8125, 33.140625]",#dd7258
978,60,44.8125,33.140625,"[60.0, 44.8125, 33.140625]",#e46d59
979,60,49.8125,33.140625,"[60.0, 49.8125, 33.140625]",#eb6759
980,60,54.8125,33.140625,"[60.0, 54.8125, 33.140625]",#f1615a
981,60,59.8125,33.140625,"[60.0, 59.8125, 33.140625]",#f85b5a
982,60,64.8125,33.140625,"[60.0, 64.8125, 33.140625]",#fe545a
983,60,69.8125,33.140625,"[60.0, 69.8125, 33.140625]",#ff4b5b
984,60,74.8125,33.140625,"[60.0, 74.8125, 33.140625]",#ff415b
985,60,79.8125,33.140625,"[60.0, 79.8125, 33.140625]",#ff345c
986,60,-85.1875,38.140625,"[60.0, -85.1875, 38.140625]",#00af48
987,60,-80.1875,38.140625,"[60.0, -80.1875, 38.140625]",#00ad48
988,60,-75.1875,38.140625,"[60.0, -75.1875, 38.140625]",#00ac48
989,60,-70.1875,38.140625,"[60.0, -70.1875, 38.140625]",#00ab48
990,60,-65.1875,38.140625,"[60.0, -65.1875, 38.140625]",#00a948
991,60,-60.1875,38.140625,"[60.0, -60.1875, 38.140625]",#00a849
992,60,-55.1875,38.140625,"[60.0, -55.1875, 38.140625]",#1ca649
993,60,-50.1875,38.140625,"[60.0, -50.1875, 38.140625]",#38a549
994,60,-45.1875,38.140625,"[60.0, -45.1875, 38.140625]",#4aa349
995,60,-40.1875,38.140625,"[60.0, -40.1875, 38.140625]",#58a14a
996,60,-35.1875,38.140625,"[60.0, -35.1875, 38.140625]",#659f4a
997,60,-30.1875,38.140625,"[60.0, -30.1875, 38.140625]",#709d4a
998,60,-25.1875,38.140625,"[60.0, -25.1875, 38.140625]",#7a9b4b
999,60,-20.1875,38.140625,"[60.0, -20.1875, 38.140625]",#84994b
1000,60,-15.1875,38.140625,"[60.0, -15.1875, 38.140625]",#8d974b
1001,60,-10.1875,38.140625,"[60.0, -10.1875, 38.140625]",#95944c
1002,60,-5.1875,38.140625,"[60.0, -5.1875, 38.140625]",#9d914c
1003,60,-0.1875,38.140625,"[60.0, -0.1875, 38.140625]",#a58f4c
1004,60,4.8125,38.140625,"[60.0, 4.8125, 38.140625]",#ad8c4d
1005,60,9.8125,38.140625,"[60.0, 9.8125, 38.140625]",#b5894d
1006,60,14.8125,38.140625,"[60.0, 14.8125, 38.140625]",#bc854d
1007,60,19.8125,38.140625,"[60.0, 19.8125, 38.140625]",#c3824e
1008,60,24.8125,38.140625,"[60.0, 24.8125, 38.140625]",#ca7e4e
1009,60,29.8125,38.140625,"[60.0, 29.8125, 38.140625]",#d17a4f
1010,60,34.8125,38.140625,"[60.0, 34.8125, 38.140625]",#d8764f
1011,60,39.8125,38.140625,"[60.0, 39.8125, 38.140625]",#df714f
1012,60,44.8125,38.140625,"[60.0, 44.8125, 38.140625]",#e56d50
1013,60,49.8125,38.140625,"[60.0, 49.8125, 38.140625]",#ec6750
1014,60,54.8125,38.140625,"[60.0, 54.8125, 38.140625]",#f26151
1015,60,59.8125,38.140625,"[60.0, 59.8125, 38.140625]",#f95b51
1016,60,64.8125,38.140625,"[60.0, 64.8125, 38.140625]",#ff5352
1017,60,69.8125,38.140625,"[60.0, 69.8125, 38.140625]",#ff4b52
1018,60,74.8125,38.140625,"[60.0, 74.8125, 38.140625]",#ff4053
1019,60,79.8125,38.140625,"[60.0, 79.8125, 38.140625]",#ff3453
1020,60,-85.1875,43.140625,"[60.0, -85.1875, 43.140625]",#00af3d
1021,60,-80.1875,43.140625,"[60.0, -80.1875, 43.140625]",#00ad3d
1022,60,-75.1875,43.140625,"[60.0, -75.1875, 43.140625]",#00ac3d
1023,60,-70.1875,43.140625,"[60.0, -70.1875, 43.140625]",#00ab3e
1024,60,-65.1875,43.140625,"[60.0, -65.1875, 43.140625]",#00a93e
1025,60,-60.1875,43.140625,"[60.0, -60.1875, 43.140625]",#00a83e
1026,60,-55.1875,43.140625,"[60.0, -55.1875, 43.140625]",#26a63e
1027,60,-50.1875,43.140625,"[60.0, -50.1875, 43.140625]",#3ea53f
1028,60,-45.1875,43.140625,"[60.0, -45.1875, 43.140625]",#4ea33f
1029,60,-40.1875,43.140625,"[60.0, -40.1875, 43.140625]",#5ca13f
1030,60,-35.1875,43.140625,"[60.0, -35.1875, 43.140625]",#689f40
1031,60,-30.1875,43.140625,"[60.0, -30.1875, 43.140625]",#729d40
1032,60,-25.1875,43.140625,"[60.0, -25.1875, 43.140625]",#7c9b40
1033,60,-20.1875,43.140625,"[60.0, -20.1875, 43.140625]",#869941
1034,60,-15.1875,43.140625,"[60.0, -15.1875, 43.140625]",#8f9641
1035,60,-10.1875,43.140625,"[60.0, -10.1875, 43.140625]",#979442
1036,60,-5.1875,43.140625,"[60.0, -5.1875, 43.140625]",#9f9142
1037,60,-0.1875,43.140625,"[60.0, -0.1875, 43.140625]",#a78f42
1038,60,4.8125,43.140625,"[60.0, 4.8125, 43.140625]",#af8c43
1039,60,9.8125,43.140625,"[60.0, 9.8125, 43.140625]",#b68943
1040,60,14.8125,43.140625,"[60.0, 14.8125, 43.140625]",#bd8544
1041,60,19.8125,43.140625,"[60.0, 19.8125, 43.140625]",#c48244
1042,60,24.8125,43.140625,"[60.0, 24.8125, 43.140625]",#cb7e45
1043,60,29.8125,43.140625,"[60.0, 29.8125, 43.140625]",#d27a45
1044,60,34.8125,43.140625,"[60.0, 34.8125, 43.140625]",#d97646
1045,60,39.8125,43.140625,"[60.0, 39.8125, 43.140625]",#e07146
1046,60,44.8125,43.140625,"[60.0, 44.8125, 43.140625]",#e66c47
1047,60,49.8125,43.140625,"[60.0, 49.8125, 43.140625]",#ed6747
1048,60,54.8125,43.140625,"[60.0, 54.8125, 43.140625]",#f36148
1049,60,59.8125,43.140625,"[60.0, 59.8125, 43.140625]",#fa5a48
1050,60,64.8125,43.140625,"[60.0, 64.8125, 43.140625]",#ff5349
1051,60,69.8125,43.140625,"[60.0, 69.8125, 43.140625]",#ff4a49
1052,60,74.8125,43.140625,"[60.0, 74.8125, 43.140625]",#ff404a
1053,60,79.8125,43.140625,"[60.0, 79.8125, 43.140625]",#ff334a
1054,60,-85.1875,48.140625,"[60.0, -85.1875, 48.140625]",#00ae31
1055,60,-80.1875,48.140625,"[60.0, -80.1875, 48.140625]",#00ad31
1056,60,-75.1875,48.140625,"[60.0, -75.1875, 48.140625]",#00ac32
1057,60,-70.1875,48.140625,"[60.0, -70.1875, 48.140625]",#00ab32
1058,60,-65.1875,48.140625,"[60.0, -65.1875, 48.140625]",#00a932
1059,60,-60.1875,48.140625,"[60.0, -60.1875, 48.140625]",#01a833
1060,60,-55.1875,48.140625,"[60.0, -55.1875, 48.140625]",#2ea633
1061,60,-50.1875,48.140625,"[60.0, -50.1875, 48.140625]",#42a433
1062,60,-45.1875,48.140625,"[60.0, -45.1875, 48.140625]",#52a334
1063,60,-40.1875,48.140625,"[60.0, -40.1875, 48.140625]",#5fa134
1064,60,-35.1875,48.140625,"[60.0, -35.1875, 48.140625]",#6a9f35
1065,60,-30.1875,48.140625,"[60.0, -30.1875, 48.140625]",#759d35
1066,60,-25.1875,48.140625,"[60.0, -25.1875, 48.140625]",#7e9b36
1067,60,-20.1875,48.140625,"[60.0, -20.1875, 48.140625]",#889936
1068,60,-15.1875,48.140625,"[60.0, -15.1875, 48.140625]",#909636
1069,60,-10.1875,48.140625,"[60.0, -10.1875, 48.140625]",#999437
1070,60,-5.1875,48.140625,"[60.0, -5.1875, 48.140625]",#a19137
1071,60,-0.1875,48.140625,"[60.0, -0.1875, 48.140625]",#a88e38
1072,60,4.8125,48.140625,"[60.0, 4.8125, 48.140625]",#b08b38
1073,60,9.8125,48.140625,"[60.0, 9.8125, 48.140625]",#b78839
1074,60,14.8125,48.140625,"[60.0, 14.8125, 48.140625]",#bf8539
1075,60,19.8125,48.140625,"[60.0, 19.8125, 48.140625]",#c6823a
1076,60,24.8125,48.140625,"[60.0, 24.8125, 48.140625]",#cd7e3b
1077,60,29.8125,48.140625,"[60.0, 29.8125, 48.140625]",#d37a3b
1078,60,34.8125,48.140625,"[60.0, 34.8125, 48.140625]",#da763c
1079,60,39.8125,48.140625,"[60.0, 39.8125, 48.140625]",#e1713c
1080,60,44.8125,48.140625,"[60.0, 44.8125, 48.140625]",#e76c3d
1081,60,49.8125,48.140625,"[60.0, 49.8125, 48.140625]",#ee673d
1082,60,54.8125,48.140625,"[60.0, 54.8125, 48.140625]",#f4613e
1083,60,59.8125,48.140625,"[60.0, 59.8125, 48.140625]",#fb5a3f
1084,60,64.8125,48.140625,"[60.0, 64.8125, 48.140625]",#ff533f
1085,60,69.8125,48.140625,"[60.0, 69.8125, 48.140625]",#ff4a40
1086,60,74.8125,48.140625,"[60.0, 74.8125, 48.140625]",#ff4041
1087,60,79.8125,48.140625,"[60.0, 79.8125, 48.140625]",#ff3241
1088,60,-85.1875,53.140625,"[60.0, -85.1875, 53.140625]",#00ae23
1089,60,-80.1875,53.140625,"[60.0, -80.1875, 53.140625]",#00ad23
1090,60,-75.1875,53.140625,"[60.0, -75.1875, 53.140625]",#00ac24
1091,60,-70.1875,53.140625,"[60.0, -70.1875, 53.140625]",#00aa24
1092,60,-65.1875,53.140625,"[60.0, -65.1875, 53.140625]",#00a925
1093,60,-60.1875,53.140625,"[60.0, -60.1875, 53.140625]",#13a825
1094,60,-55.1875,53.140625,"[60.0, -55.1875, 53.140625]",#33a626
1095,60,-50.1875,53.140625,"[60.0, -50.1875, 53.140625]",#46a426
1096,60,-45.1875,53.140625,"[60.0, -45.1875, 53.140625]",#55a327
1097,60,-40.1875,53.140625,"[60.0, -40.1875, 53.140625]",#61a127
1098,60,-35.1875,53.140625,"[60.0, -35.1875, 53.140625]",#6d9f28
1099,60,-30.1875,53.140625,"[60.0, -30.1875, 53.140625]",#779d29
1100,60,-25.1875,53.140625,"[60.0, -25.1875, 53.140625]",#809b29
1101,60,-20.1875,53.140625,"[60.0, -20.1875, 53.140625]",#89982a
1102,60,-15.1875,53.140625,"[60.0, -15.1875, 53.140625]",#92962a
1103,60,-10.1875,53.140625,"[60.0, -10.1875, 53.140625]",#9a942b
1104,60,-5.1875,53.140625,"[60.0, -5.1875, 53.140625]",#a2912c
1105,60,-0.1875,53.140625,"[60.0, -0.1875, 53.140625]",#aa8e2c
1106,60,4.8125,53.140625,"[60.0, 4.8125, 53.140625]",#b18b2d
1107,60,9.8125,53.140625,"[60.0, 9.8125, 53.140625]",#b8882e
1108,60,14.8125,53.140625,"[60.0, 14.8125, 53.140625]",#c0852e
1109,60,19.8125,53.140625,"[60.0, 19.8125, 53.140625]",#c7812f
1110,60,24.8125,53.140625,"[60.0, 24.8125, 53.140625]",#ce7e30
1111,60,29.8125,53.140625,"[60.0, 29.8125, 53.140625]",#d47a30
1112,60,34.8125,53.140625,"[60.0, 34.8125, 53.140625]",#db7531
1113,60,39.8125,53.140625,"[60.0, 39.8125, 53.140625]",#e27132
1114,60,44.8125,53.140625,"[60.0, 44.8125, 53.140625]",#e86c32
1115,60,49.8125,53.140625,"[60.0, 49.8125, 53.140625]",#ef6633
1116,60,54.8125,53.140625,"[60.0, 54.8125, 53.140625]",#f56034
1117,60,59.8125,53.140625,"[60.0, 59.8125, 53.140625]",#fb5a35
1118,60,64.8125,53.140625,"[60.0, 64.8125, 53.140625]",#ff5235
1119,60,69.8125,53.140625,"[60.0, 69.8125, 53.140625]",#ff4a36
1120,60,74.8125,53.140625,"[60.0, 74.8125, 53.140625]",#ff3f37
1121,60,79.8125,53.140625,"[60.0, 79.8125, 53.140625]",#ff3238
1122,60,-85.1875,58.140625,"[60.0, -85.1875, 58.140625]",#00ae0e
1123,60,-80.1875,58.140625,"[60.0, -80.1875, 58.140625]",#00ad0f
1124,60,-75.1875,58.140625,"[60.0, -75.1875, 58.140625]",#00ac10
1125,60,-70.1875,58.140625,"[60.0, -70.1875, 58.140625]",#00aa11
1126,60,-65.1875,58.140625,"[60.0, -65.1875, 58.140625]",#00a912
1127,60,-60.1875,58.140625,"[60.0, -60.1875, 58.140625]",#1da713
1128,60,-55.1875,58.140625,"[60.0, -55.1875, 58.140625]",#38a614
1129,60,-50.1875,58.140625,"[60.0, -50.1875, 58.140625]",#49a415
1130,60,-45.1875,58.140625,"[60.0, -45.1875, 58.140625]",#57a316
1131,60,-40.1875,58.140625,"[60.0, -40.1875, 58.140625]",#64a117
1132,60,-35.1875,58.140625,"[60.0, -35.1875, 58.140625]",#6e9f18
1133,60,-30.1875,58.140625,"[60.0, -30.1875, 58.140625]",#799d19
1134,60,-25.1875,58.140625,"[60.0, -25.1875, 58.140625]",#829b1a
1135,60,-20.1875,58.140625,"[60.0, -20.1875, 58.140625]",#8b981a
1136,60,-15.1875,58.140625,"[60.0, -15.1875, 58.140625]",#93961b
1137,60,-10.1875,58.140625,"[60.0, -10.1875, 58.140625]",#9b941c
1138,60,-5.1875,58.140625,"[60.0, -5.1875, 58.140625]",#a3911d
1139,60,-0.1875,58.140625,"[60.0, -0.1875, 58.140625]",#ab8e1e
1140,60,4.8125,58.140625,"[60.0, 4.8125, 58.140625]",#b28b1f
1141,60,9.8125,58.140625,"[60.0, 9.8125, 58.140625]",#b98820
1142,60,14.8125,58.140625,"[60.0, 14.8125, 58.140625]",#c18521
1143,60,19.8125,58.140625,"[60.0, 19.8125, 58.140625]",#c88122
1144,60,24.8125,58.140625,"[60.0, 24.8125, 58.140625]",#ce7e23
1145,60,29.8125,58.140625,"[60.0, 29.8125, 58.140625]",#d57a24
1146,60,34.8125,58.140625,"[60.0, 34.8125, 58.140625]",#dc7525
1147,60,39.8125,58.140625,"[60.0, 39.8125, 58.140625]",#e27126
1148,60,44.8125,58.140625,"[60.0, 44.8125, 58.140625]",#e96c27
1149,60,49.8125,58.140625,"[60.0, 49.8125, 58.140625]",#ef6628
1150,60,54.8125,58.140625,"[60.0, 54.8125, 58.140625]",#f66029
1151,60,59.8125,58.140625,"[60.0, 59.8125, 58.140625]",#fc5a2a
1152,60,64.8125,58.140625,"[60.0, 64.8125, 58.140625]",#ff522b
1153,60,69.8125,58.140625,"[60.0, 69.8125, 58.140625]",#ff492c
1154,60,74.8125,58.140625,"[60.0, 74.8125, 58.140625]",#ff3f2d
1155,60,79.8125,58.140625,"[60.0, 79.8125, 58.140625]",#ff322e
1156,60,-85.1875,63.140625,"[60.0, -85.1875, 63.140625]",#00ae00
1157,60,-80.1875,63.140625,"[60.0, -80.1875, 63.140625]",#00ad00
1158,60,-75.1875,63.140625,"[60.0, -75.1875, 63.140625]",#00ac00
1159,60,-70.1875,63.140625,"[60.0, -70.1875, 63.140625]",#00aa00
1160,60,-65.1875,63.140625,"[60.0, -65.1875, 63.140625]",#00a900
1161,60,-60.1875,63.140625,"[60.0, -60.1875, 63.140625]",#24a700
1162,60,-55.1875,63.140625,"[60.0, -55.1875, 63.140625]",#3ca600
1163,60,-50.1875,63.140625,"[60.0, -50.1875, 63.140625]",#4ca400
1164,60,-45.1875,63.140625,"[60.0, -45.1875, 63.140625]",#5aa200
1165,60,-40.1875,63.140625,"[60.0, -40.1875, 63.140625]",#65a100
1166,60,-35.1875,63.140625,"[60.0, -35.1875, 63.140625]",#709f00
1167,60,-30.1875,63.140625,"[60.0, -30.1875, 63.140625]",#7a9d00
1168,60,-25.1875,63.140625,"[60.0, -25.1875, 63.140625]",#839b00
1169,60,-20.1875,63.140625,"[60.0, -20.1875, 63.140625]",#8c9800
1170,60,-15.1875,63.140625,"[60.0, -15.1875, 63.140625]",#949602
1171,60,-10.1875,63.140625,"[60.0, -10.1875, 63.140625]",#9c9304
1172,60,-5.1875,63.140625,"[60.0, -5.1875, 63.140625]",#a49106
1173,60,-0.1875,63.140625,"[60.0, -0.1875, 63.140625]",#ac8e08
1174,60,4.8125,63.140625,"[60.0, 4.8125, 63.140625]",#b38b0a
1175,60,9.8125,63.140625,"[60.0, 9.8125, 63.140625]",#ba880d
1176,60,14.8125,63.140625,"[60.0, 14.8125, 63.140625]",#c1850f
1177,60,19.8125,63.140625,"[60.0, 19.8125, 63.140625]",#c88110
1178,60,24.8125,63.140625,"[60.0, 24.8125, 63.140625]",#cf7d12
1179,60,29.8125,63.140625,"[60.0, 29.8125, 63.140625]",#d67a14
1180,60,34.8125,63.140625,"[60.0, 34.8125, 63.140625]",#dc7516
1181,60,39.8125,63.140625,"[60.0, 39.8125, 63.140625]",#e37117
1182,60,44.8125,63.140625,"[60.0, 44.8125, 63.140625]",#ea6c19
1183,60,49.8125,63.140625,"[60.0, 49.8125, 63.140625]",#f0661a
1184,60,54.8125,63.140625,"[60.0, 54.8125, 63.140625]",#f6601c
1185,60,59.8125,63.140625,"[60.0, 59.8125, 63.140625]",#fd591d
1186,60,64.8125,63.140625,"[60.0, 64.8125, 63.140625]",#ff521e
1187,60,69.8125,63.140625,"[60.0, 69.8125, 63.140625]",#ff4920
1188,60,74.8125,63.140625,"[60.0, 74.8125, 63.140625]",#ff3f21
1189,60,79.8125,63.140625,"[60.0, 79.8125, 63.140625]",#ff3122
1190,60,-85.1875,68.140625,"[60.0, -85.1875, 68.140625]",#00ae00
1191,60,-80.1875,68.140625,"[60.0, -80.1875, 68.140625]",#00ad00
1192,60,-75.1875,68.140625,"[60.0, -75.1875, 68.140625]",#00ac00
1193,60,-70.1875,68.140625,"[60.0, -70.1875, 68.140625]",#00aa00
1194,60,-65.1875,68.140625,"[60.0, -65.1875, 68.140625]",#00a900
1195,60,-60.1875,68.140625,"[60.0, -60.1875, 68.140625]",#29a700
1196,60,-55.1875,68.140625,"[60.0, -55.1875, 68.140625]",#3ea600
1197,60,-50.1875,68.140625,"[60.0, -50.1875, 68.140625]",#4ea400
1198,60,-45.1875,68.140625,"[60.0, -45.1875, 68.140625]",#5ba200
1199,60,-40.1875,68.140625,"[60.0, -40.1875, 68.140625]",#67a100
1200,60,-35.1875,68.140625,"[60.0, -35.1875, 68.140625]",#729f00
1201,60,-30.1875,68.140625,"[60.0, -30.1875, 68.140625]",#7b9d00
1202,60,-25.1875,68.140625,"[60.0, -25.1875, 68.140625]",#849a00
1203,60,-20.1875,68.140625,"[60.0, -20.1875, 68.140625]",#8d9800
1204,60,-15.1875,68.140625,"[60.0, -15.1875, 68.140625]",#959600
1205,60,-10.1875,68.140625,"[60.0, -10.1875, 68.140625]",#9d9300
1206,60,-5.1875,68.140625,"[60.0, -5.1875, 68.140625]",#a59100
1207,60,-0.1875,68.140625,"[60.0, -0.1875, 68.140625]",#ad8e00
1208,60,4.8125,68.140625,"[60.0, 4.8125, 68.140625]",#b48b00
1209,60,9.8125,68.140625,"[60.0, 9.8125, 68.140625]",#bb8800
1210,60,14.8125,68.140625,"[60.0, 14.8125, 68.140625]",#c28500
1211,60,19.8125,68.140625,"[60.0, 19.8125, 68.140625]",#c98100
1212,60,24.8125,68.140625,"[60.0, 24.8125, 68.140625]",#d07d00
1213,60,29.8125,68.140625,"[60.0, 29.8125, 68.140625]",#d67900
1214,60,34.8125,68.140625,"[60.0, 34.8125, 68.140625]",#dd7500
1215,60,39.8125,68.140625,"[60.0, 39.8125, 68.140625]",#e47000
1216,60,44.8125,68.140625,"[60.0, 44.8125, 68.140625]",#ea6b01
1217,60,49.8125,68.140625,"[60.0, 49.8125, 68.140625]",#f06604
1218,60,54.8125,68.140625,"[60.0, 54.8125, 68.140625]",#f76007
1219,60,59.8125,68.140625,"[60.0, 59.8125, 68.140625]",#fd590a
1220,60,64.8125,68.140625,"[60.0, 64.8125, 68.140625]",#ff520d
1221,60,69.8125,68.140625,"[60.0, 69.8125, 68.140625]",#ff490f
1222,60,74.8125,68.140625,"[60.0, 74.8125, 68.140625]",#ff3e12
1223,60,79.8125,68.140625,"[60.0, 79.8125, 68.140625]",#ff3114
1224,60,-85.1875,73.140625,"[60.0, -85.1875, 73.140625]",#00ae00
1225,60,-80.1875,73.140625,"[60.0, -80.1875, 73.140625]",#00ad00
1226,60,-75.1875,73.140625,"[60.0, -75.1875, 73.140625]",#00ac00
1227,60,-70.1875,73.140625,"[60.0, -70.1875, 73.140625]",#00aa00
1228,60,-65.1875,73.140625,"[60.0, -65.1875, 73.140625]",#00a900
1229,60,-60.1875,73.140625,"[60.0, -60.1875, 73.140625]",#2ca700
1230,60,-55.1875,73.140625,"[60.0, -55.1875, 73.140625]",#41a600
1231,60,-50.1875,73.140625,"[60.0, -50.1875, 73.140625]",#50a400
1232,60,-45.1875,73.140625,"[60.0, -45.1875, 73.140625]",#5da200
1233,60,-40.1875,73.140625,"[60.0, -40.1875, 73.140625]",#68a000
1234,60,-35.1875,73.140625,"[60.0, -35.1875, 73.140625]",#739f00
1235,60,-30.1875,73.140625,"[60.0, -30.1875, 73.140625]",#7c9d00
1236,60,-25.1875,73.140625,"[60.0, -25.1875, 73.140625]",#859a00
1237,60,-20.1875,73.140625,"[60.0, -20.1875, 73.140625]",#8e9800
1238,60,-15.1875,73.140625,"[60.0, -15.1875, 73.140625]",#969600
1239,60,-10.1875,73.140625,"[60.0, -10.1875, 73.140625]",#9e9300
1240,60,-5.1875,73.140625,"[60.0, -5.1875, 73.140625]",#a69100
1241,60,-0.1875,73.140625,"[60.0, -0.1875, 73.140625]",#ad8e00
1242,60,4.8125,73.140625,"[60.0, 4.8125, 73.140625]",#b58b00
1243,60,9.8125,73.140625,"[60.0, 9.8125, 73.140625]",#bc8800
1244,60,14.8125,73.140625,"[60.0, 14.8125, 73.140625]",#c38500
1245,60,19.8125,73.140625,"[60.0, 19.8125, 73.140625]",#ca8100
1246,60,24.8125,73.140625,"[60.0, 24.8125, 73.140625]",#d07d00
1247,60,29.8125,73.140625,"[60.0, 29.8125, 73.140625]",#d77900
1248,60,34.8125,73.140625,"[60.0, 34.8125, 73.140625]",#de7500
1249,60,39.8125,73.140625,"[60.0, 39.8125, 73.140625]",#e47000
1250,60,44.8125,73.140625,"[60.0, 44.8125, 73.140625]",#eb6b00
1251,60,49.8125,73.140625,"[60.0, 49.8125, 73.140625]",#f16600
1252,60,54.8125,73.140625,"[60.0, 54.8125, 73.140625]",#f76000
1253,60,59.8125,73.140625,"[60.0, 59.8125, 73.140625]",#fe5900
1254,60,64.8125,73.140625,"[60.0, 64.8125, 73.140625]",#ff5200
1255,60,69.8125,73.140625,"[60.0, 69.8125, 73.140625]",#ff4900
1256,60,74.8125,73.140625,"[60.0, 74.8125, 73.140625]",#ff3e00
1257,60,79.8125,73.140625,"[60.0, 79.8125, 73.140625]",#ff3100
1258,60,-85.1875,78.140625,"[60.0, -85.1875, 78.140625]",#00ae00
1259,60,-80.1875,78.140625,"[60.0, -80.1875, 78.140625]",#00ad00
1260,60,-75.1875,78.140625,"[60.0, -75.1875, 78.140625]",#00ac00
1261,60,-70.1875,78.140625,"[60.0, -70.1875, 78.140625]",#00aa00
1262,60,-65.1875,78.140625,"[60.0, -65.1875, 78.140625]",#09a900
1263,60,-60.1875,78.140625,"[60.0, -60.1875, 78.140625]",#2fa700
1264,60,-55.1875,78.140625,"[60.0, -55.1875, 78.140625]",#43a600
1265,60,-50.1875,78.140625,"[60.0, -50.1875, 78.140625]",#52a400
1266,60,-45.1875,78.140625,"[60.0, -45.1875, 78.140625]",#5ea200
1267,60,-40.1875,78.140625,"[60.0, -40.1875, 78.140625]",#69a000
1268,60,-35.1875,78.140625,"[60.0, -35.1875, 78.140625]",#749e00
1269,60,-30.1875,78.140625,"[60.0, -30.1875, 78.140625]",#7d9c00
1270,60,-25.1875,78.140625,"[60.0, -25.1875, 78.140625]",#869a00
1271,60,-20.1875,78.140625,"[60.0, -20.1875, 78.140625]",#8f9800
1272,60,-15.1875,78.140625,"[60.0, -15.1875, 78.140625]",#979600
1273,60,-10.1875,78.140625,"[60.0, -10.1875, 78.140625]",#9f9300
1274,60,-5.1875,78.140625,"[60.0, -5.1875, 78.140625]",#a69100
1275,60,-0.1875,78.140625,"[60.0, -0.1875, 78.140625]",#ae8e00
1276,60,4.8125,78.140625,"[60.0, 4.8125, 78.140625]",#b58b00
1277,60,9.8125,78.140625,"[60.0, 9.8125, 78.140625]",#bc8800
1278,60,14.8125,78.140625,"[60.0, 14.8125, 78.140625]",#c38400
1279,60,19.8125,78.140625,"[60.0, 19.8125, 78.140625]",#ca8100
1280,60,24.8125,78.140625,"[60.0, 24.8125, 78.140625]",#d17d00
1281,60,29.8125,78.140625,"[60.0, 29.8125, 78.140625]",#d77900
1282,60,34.8125,78.140625,"[60.0, 34.8125, 78.140625]",#de7500
1283,60,39.8125,78.140625,"[60.0, 39.8125, 78.140625]",#e47000
1284,60,44.8125,78.140625,"[60.0, 44.8125, 78.140625]",#eb6b00
1285,60,49.8125,78.140625,"[60.0, 49.8125, 78.140625]",#f16600
1286,60,54.8125,78.140625,"[60.0, 54.8125, 78.140625]",#f86000
1287,60,59.8125,78.140625,"[60.0, 59.8125, 78.140625]",#fe5900
1288,60,64.8125,78.140625,"[60.0, 64.8125, 78.140625]",#ff5100
1289,60,69.8125,78.140625,"[60.0, 69.8125, 78.140625]",#ff4900
1290,60,74.8125,78.140625,"[60.0, 74.8125, 78.140625]",#ff3e00
1291,60,79.8125,78.140625,"[60.0, 79.8125, 78.140625]",#ff3000
1292,60,-85.1875,83.140625,"[60.0, -85.1875, 83.140625]",#00ae00
1293,60,-80.1875,83.140625,"[60.0, -80.1875, 83.140625]",#00ad00
1294,60,-75.1875,83.140625,"[60.0, -75.1875, 83.140625]",#00ab00
1295,60,-70.1875,83.140625,"[60.0, -70.1875, 83.140625]",#00aa00
1296,60,-65.1875,83.140625,"[60.0, -65.1875, 83.140625]",#11a900
1297,60,-60.1875,83.140625,"[60.0, -60.1875, 83.140625]",#32a700
1298,60,-55.1875,83.140625,"[60.0, -55.1875, 83.140625]",#44a600
1299,60,-50.1875,83.140625,"[60.0, -50.1875, 83.140625]",#53a400
1300,60,-45.1875,83.140625,"[60.0, -45.1875, 83.140625]",#5fa200
1301,60,-40.1875,83.140625,"[60.0, -40.1875, 83.140625]",#6aa000
1302,60,-35.1875,83.140625,"[60.0, -35.1875, 83.140625]",#749e00
1303,60,-30.1875,83.140625,"[60.0, -30.1875, 83.140625]",#7e9c00
1304,60,-25.1875,83.140625,"[60.0, -25.1875, 83.140625]",#879a00
1305,60,-20.1875,83.140625,"[60.0, -20.1875, 83.140625]",#8f9800
1306,60,-15.1875,83.140625,"[60.0, -15.1875, 83.140625]",#979600
1307,60,-10.1875,83.140625,"[60.0, -10.1875, 83.140625]",#9f9300
1308,60,-5.1875,83.140625,"[60.0, -5.1875, 83.140625]",#a79100
1309,60,-0.1875,83.140625,"[60.0, -0.1875, 83.140625]",#ae8e00
1310,60,4.8125,83.140625,"[60.0, 4.8125, 83.140625]",#b68b00
1311,60,9.8125,83.140625,"[60.0, 9.8125, 83.140625]",#bd8800
1312,60,14.8125,83.140625,"[60.0, 14.8125, 83.140625]",#c48400
1313,60,19.8125,83.140625,"[60.0, 19.8125, 83.140625]",#ca8100
1314,60,24.8125,83.140625,"[60.0, 24.8125, 83.140625]",#d17d00
1315,60,29.8125,83.140625,"[60.0, 29.8125, 83.140625]",#d87900
1316,60,34.8125,83.140625,"[60.0, 34.8125, 83.140625]",#de7500
1317,60,39.8125,83.140625,"[60.0, 39.8125, 83.140625]",#e57000
1318,60,44.8125,83.140625,"[60.0, 44.8125, 83.140625]",#eb6b00
1319,60,49.8125,83.140625,"[60.0, 49.8125, 83.140625]",#f26600
1320,60,54.8125,83.140625,"[60.0, 54.8125, 83.140625]",#f86000
1321,60,59.8125,83.140625,"[60.0, 59.8125, 83.140625]",#fe5900
1322,60,64.8125,83.140625,"[60.0, 64.8125, 83.140625]",#ff5100
1323,60,69.8125,83.140625,"[60.0, 69.8125, 83.140625]",#ff4800
1324,60,74.8125,83.140625,"[60.0, 74.8125, 83.140625]",#ff3e00
1325,60,79.8125,83.140625,"[60.0, 79.8125, 83.140625]",#ff3000
1326,60,-85.1875,88.140625,"[60.0, -85.1875, 88.140625]",#00ae00
1327,60,-80.1875,88.140625,"[60.0, -80.1875, 88.140625]",#00ad00
1328,60,-75.1875,88.140625,"[60.0, -75.1875, 88.140625]",#00ab00
1329,60,-70.1875,88.140625,"[60.0, -70.1875, 88.140625]",#00aa00
1330,60,-65.1875,88.140625,"[60.0, -65.1875, 88.140625]",#15a900
1331,60,-60.1875,88.140625,"[60.0, -60.1875, 88.140625]",#33a700
1332,60,-55.1875,88.140625,"[60.0, -55.1875, 88.140625]",#45a600
1333,60,-50.1875,88.140625,"[60.0, -50.1875, 88.140625]",#54a400
1334,60,-45.1875,88.140625,"[60.0, -45.1875, 88.140625]",#60a200
1335,60,-40.1875,88.140625,"[60.0, -40.1875, 88.140625]",#6ba000
1336,60,-35.1875,88.140625,"[60.0, -35.1875, 88.140625]",#759e00
1337,60,-30.1875,88.140625,"[60.0, -30.1875, 88.140625]",#7f9c00
1338,60,-25.1875,88.140625,"[60.0, -25.1875, 88.140625]",#879a00
1339,60,-20.1875,88.140625,"[60.0, -20.1875, 88.140625]",#909800
1340,60,-15.1875,88.140625,"[60.0, -15.1875, 88.140625]",#989600
1341,60,-10.1875,88.140625,"[60.0, -10.1875, 88.140625]",#a09300
1342,60,-5.1875,88.140625,"[60.0, -5.1875, 88.140625]",#a79100
1343,60,-0.1875,88.140625,"[60.0, -0.1875, 88.140625]",#af8e00
1344,60,4.8125,88.140625,"[60.0, 4.8125, 88.140625]",#b68b00
1345,60,9.8125,88.140625,"[60.0, 9.8125, 88.140625]",#bd8800
1346,60,14.8125,88.140625,"[60.0, 14.8125, 88.140625]",#c48400
1347,60,19.8125,88.140625,"[60.0, 19.8125, 88.140625]",#cb8100
1348,60,24.8125,88.140625,"[60.0, 24.8125, 88.140625]",#d17d00
1349,60,29.8125,88.140625,"[60.0, 29.8125, 88.140625]",#d87900
1350,60,34.8125,88.140625,"[60.0, 34.8125, 88.140625]",#df7500
1351,60,39.8125,88.140625,"[60.0, 39.8125, 88.140625]",#e57000
1352,60,44.8125,88.140625,"[60.0, 44.8125, 88.140625]",#ec6b00
1353,60,49.8125,88.140625,"[60.0, 49.8125, 88.140625]",#f26600
1354,60,54.8125,88.140625,"[60.0, 54.8125, 88.140625]",#f86000
1355,60,59.8125,88.140625,"[60.0, 59.8125, 88.140625]",#fe5900
1356,60,64.8125,88.140625,"[60.0, 64.8125, 88.140625]",#ff5100
1357,60,69.8125,88.140625,"[60.0, 69.8125, 88.140625]",#ff4800
1358,60,74.8125,88.140625,"[60.0, 74.8125, 88.140625]",#ff3e00
1359,60,79.8125,88.140625,"[60.0, 79.8125, 88.140625]",#ff3000
1360,60,-85.1875,93.140625,"[60.0, -85.1875, 93.140625]",#00ae00
1361,60,-80.1875,93.140625,"[60.0, -80.1875, 93.140625]",#00ad00
1362,60,-75.1875,93.140625,"[60.0, -75.1875, 93.140625]",#00ab00
1363,60,-70.1875,93.140625,"[60.0, -70.1875, 93.140625]",#00aa00
1364,60,-65.1875,93.140625,"[60.0, -65.1875, 93.140625]",#18a900
1365,60,-60.1875,93.140625,"[60.0, -60.1875, 93.140625]",#35a700
1366,60,-55.1875,93.140625,"[60.0, -55.1875, 93.140625]",#47a600
1367,60,-50.1875,93.140625,"[60.0, -50.1875, 93.140625]",#55a400
1368,60,-45.1875,93.140625,"[60.0, -45.1875, 93.140625]",#61a200
1369,60,-40.1875,93.140625,"[60.0, -40.1875, 93.140625]",#6ca000
1370,60,-35.1875,93.140625,"[60.0, -35.1875, 93.140625]",#769e00
1371,60,-30.1875,93.140625,"[60.0, -30.1875, 93.140625]",#7f9c00
1372,60,-25.1875,93.140625,"[60.0, -25.1875, 93.140625]",#889a00
1373,60,-20.1875,93.140625,"[60.0, -20.1875, 93.140625]",#909800
1374,60,-15.1875,93.140625,"[60.0, -15.1875, 93.140625]",#989600
1375,60,-10.1875,93.140625,"[60.0, -10.1875, 93.140625]",#a09300
1376,60,-5.1875,93.140625,"[60.0, -5.1875, 93.140625]",#a89000
1377,60,-0.1875,93.140625,"[60.0, -0.1875, 93.140625]",#af8e00
1378,60,4.8125,93.140625,"[60.0, 4.8125, 93.140625]",#b68b00
1379,60,9.8125,93.140625,"[60.0, 9.8125, 93.140625]",#bd8800
1380,60,14.8125,93.140625,"[60.0, 14.8125, 93.140625]",#c48400
1381,60,19.8125,93.140625,"[60.0, 19.8125, 93.140625]",#cb8100
1382,60,24.8125,93.140625,"[60.0, 24.8125, 93.140625]",#d27d00
1383,60,29.8125,93.140625,"[60.0, 29.8125, 93.140625]",#d87900
1384,60,34.8125,93.140625,"[60.0, 34.8125, 93.140625]",#df7500
1385,60,39.8125,93.140625,"[60.0, 39.8125, 93.140625]",#e57000
1386,60,44.8125,93.140625,"[60.0, 44.8125, 93.140625]",#ec6b00
1387,60,49.8125,93.140625,"[60.0, 49.8125, 93.140625]",#f26600
1388,60,54.8125,93.140625,"[60.0, 54.8125, 93.140625]",#f86000
1389,60,59.8125,93.140625,"[60.0, 59.8125, 93.140625]",#ff5900
1390,60,64.8125,93.140625,"[60.0, 64.8125, 93.140625]",#ff5100
1391,60,69.8125,93.140625,"[60.0, 69.8125, 93.140625]",#ff4800
1392,60,74.8125,93.140625,"[60.0, 74.8125, 93.140625]",#ff3e00
1393,60,79.8125,93.140625,"[60.0, 79.8125, 93.140625]",#ff3000
